This is XeTeX, Version 3.141592653-2.6-0.999998 (TeX Live 2026) (preloaded format=xelatex 2026.7.23)  20 AUG 2026 17:44
entering extended mode
 restricted \write18 enabled.
 %&-line parsing enabled.
**ENUS_2026_metodoloia.tex
(./ENUS_2026_metodoloia.tex
LaTeX2e <2026-06-01>
L3 programming layer <2026-06-18>
(c:/Users/STALYN/AppData/Roaming/TinyTeX/texmf-dist/tex/latex/base/report.cls
Document Class: report 2025/01/22 v1.4n Standard LaTeX document class
(c:/Users/STALYN/AppData/Roaming/TinyTeX/texmf-dist/tex/latex/base/size10.clo
File: size10.clo 2025/01/22 v1.4n Standard LaTeX file (size option)
)
\c@part=\count273
\c@chapter=\count274
\c@section=\count275
\c@subsection=\count276
\c@subsubsection=\count277
\c@paragraph=\count278
\c@subparagraph=\count279
\c@figure=\count280
\c@table=\count281
\abovecaptionskip=\skip49
\belowcaptionskip=\skip50
\bibindent=\dimen150
) (c:/Users/STALYN/AppData/Roaming/TinyTeX/texmf-dist/tex/latex/xcolor/xcolor.sty
Package: xcolor 2024/09/29 v3.02 LaTeX color extensions (UK)
(c:/Users/STALYN/AppData/Roaming/TinyTeX/texmf-dist/tex/latex/graphics-cfg/color.cfg
File: color.cfg 2016/01/02 v1.6 sample color configuration
)
Package xcolor Info: Driver file: xetex.def on input line 274.
(c:/Users/STALYN/AppData/Roaming/TinyTeX/texmf-dist/tex/latex/graphics-def/xetex.def
File: xetex.def 2025/11/01 v5.0p Graphics/color driver for xetex
) (c:/Users/STALYN/AppData/Roaming/TinyTeX/texmf-dist/tex/latex/graphics/mathcolor.ltx)
Package xcolor Info: Model `cmy' substituted by `cmy0' on input line 1349.
Package xcolor Info: Model `RGB' extended on input line 1365.
Package xcolor Info: Model `HTML' substituted by `rgb' on input line 1367.
Package xcolor Info: Model `Hsb' substituted by `hsb' on input line 1368.
Package xcolor Info: Model `tHsb' substituted by `hsb' on input line 1369.
Package xcolor Info: Model `HSB' substituted by `hsb' on input line 1370.
Package xcolor Info: Model `Gray' substituted by `gray' on input line 1371.
Package xcolor Info: Model `wave' substituted by `hsb' on input line 1372.
) (c:/Users/STALYN/AppData/Roaming/TinyTeX/texmf-dist/tex/latex/amsmath/amsmath.sty
Package: amsmath 2026/05/19 v2.18d AMS math features
\@mathmargin=\skip51
For additional information on amsmath, use the `?' option.
(c:/Users/STALYN/AppData/Roaming/TinyTeX/texmf-dist/tex/latex/amsmath/amstext.sty
Package: amstext 2024/11/17 v2.01 AMS text
(c:/Users/STALYN/AppData/Roaming/TinyTeX/texmf-dist/tex/latex/amsmath/amsgen.sty
File: amsgen.sty 1999/11/30 v2.0 generic functions
\@emptytoks=\toks17
\ex@=\dimen151
)) (c:/Users/STALYN/AppData/Roaming/TinyTeX/texmf-dist/tex/latex/amsmath/amsbsy.sty
Package: amsbsy 1999/11/29 v1.2d Bold Symbols
\pmbraise@=\dimen152
) (c:/Users/STALYN/AppData/Roaming/TinyTeX/texmf-dist/tex/latex/amsmath/amsopn.sty
Package: amsopn 2022/04/08 v2.04 operator names
)
\inf@bad=\count282
LaTeX Info: Redefining \frac on input line 233.
\uproot@=\count283
\leftroot@=\count284
LaTeX Info: Redefining \overline on input line 398.
LaTeX Info: Redefining \colon on input line 409.
\classnum@=\count285
\DOTSCASE@=\count286
LaTeX Info: Redefining \ldots on input line 495.
LaTeX Info: Redefining \dots on input line 498.
LaTeX Info: Redefining \cdots on input line 619.
\Mathstrutbox@=\box53
\strutbox@=\box54
LaTeX Info: Redefining \big on input line 721.
LaTeX Info: Redefining \Big on input line 722.
LaTeX Info: Redefining \bigg on input line 723.
LaTeX Info: Redefining \Bigg on input line 724.
\big@size=\dimen153
LaTeX Font Info:    Redeclaring font encoding OML on input line 742.
LaTeX Font Info:    Redeclaring font encoding OMS on input line 743.
\macc@depth=\count287
LaTeX Info: Redefining \bmod on input line 904.
LaTeX Info: Redefining \pmod on input line 909.
LaTeX Info: Redefining \smash on input line 939.
LaTeX Info: Redefining \relbar on input line 969.
LaTeX Info: Redefining \Relbar on input line 970.
\c@MaxMatrixCols=\count288
\dotsspace@=\muskip17
\c@parentequation=\count289
\dspbrk@lvl=\count290
\tag@help=\toks18
\row@=\count291
\column@=\count292
\maxfields@=\count293
\andhelp@=\toks19
\eqnshift@=\dimen154
\alignsep@=\dimen155
\tagshift@=\dimen156
\tagwidth@=\dimen157
\totwidth@=\dimen158
\lineht@=\dimen159
\@envbody=\toks20
\multlinegap=\skip52
\multlinetaggap=\skip53
\mathdisplay@stack=\toks21
LaTeX Info: Redefining \[ on input line 2965.
LaTeX Info: Redefining \] on input line 2966.
) (c:/Users/STALYN/AppData/Roaming/TinyTeX/texmf-dist/tex/latex/amsfonts/amssymb.sty
Package: amssymb 2013/01/14 v3.01 AMS font symbols
(c:/Users/STALYN/AppData/Roaming/TinyTeX/texmf-dist/tex/latex/amsfonts/amsfonts.sty
Package: amsfonts 2013/01/14 v3.01 Basic AMSFonts support
\symAMSa=\mathgroup4
\symAMSb=\mathgroup5
LaTeX Font Info:    Redeclaring math symbol \hbar on input line 98.
LaTeX Font Info:    Overwriting math alphabet `\mathfrak' in version `bold'
(Font)                  U/euf/m/n --> U/euf/b/n on input line 106.
)) (c:/Users/STALYN/AppData/Roaming/TinyTeX/texmf-dist/tex/generic/iftex/iftex.sty
Package: iftex 2024/12/12 v1.0g TeX engine tests
) (c:/Users/STALYN/AppData/Roaming/TinyTeX/texmf-dist/tex/latex/unicode-math/unicode-math.sty (c:/Users/STALYN/AppData/Roaming/TinyTeX/texmf-dist/tex/latex/l3kernel/expl3.sty
Package: expl3 2026-06-18 L3 programming layer (loader) 
(c:/Users/STALYN/AppData/Roaming/TinyTeX/texmf-dist/tex/latex/l3backend/l3backend-xetex.def
File: l3backend-xetex.def 2026-02-18 L3 backend support: XeTeX
\g__graphics_track_int=\count294
\g__pdfannot_backend_int=\count295
\g__pdfannot_backend_link_int=\count296
))
Package: unicode-math 2023/08/13 v0.8r Unicode maths in XeLaTeX and LuaLaTeX
(c:/Users/STALYN/AppData/Roaming/TinyTeX/texmf-dist/tex/latex/unicode-math/unicode-math-xetex.sty
Package: unicode-math-xetex 2023/08/13 v0.8r Unicode maths in XeLaTeX and LuaLaTeX
(c:/Users/STALYN/AppData/Roaming/TinyTeX/texmf-dist/tex/latex/l3packages/xparse/xparse.sty
Package: xparse 2025-10-09 L3 Experimental document command parser
) (c:/Users/STALYN/AppData/Roaming/TinyTeX/texmf-dist/tex/latex/l3packages/l3keys2e/l3keys2e.sty
Package: l3keys2e 2025-10-09 LaTeX2e option processing using LaTeX3 keys
) (c:/Users/STALYN/AppData/Roaming/TinyTeX/texmf-dist/tex/latex/fontspec/fontspec.sty
Package: fontspec 2025/09/29 v2.9g Font selection for XeLaTeX and LuaLaTeX
(c:/Users/STALYN/AppData/Roaming/TinyTeX/texmf-dist/tex/latex/fontspec/fontspec-xetex.sty
Package: fontspec-xetex 2025/09/29 v2.9g Font selection for XeLaTeX and LuaLaTeX
\l__fontspec_script_int=\count297
\l__fontspec_language_int=\count298
\l__fontspec_strnum_int=\count299
\l__fontspec_tmp_int=\count300
\l__fontspec_tmpa_int=\count301
\l__fontspec_tmpb_int=\count302
\l__fontspec_tmpc_int=\count303
\l__fontspec_em_int=\count304
\l__fontspec_emdef_int=\count305
\l__fontspec_strong_int=\count306
\l__fontspec_strongdef_int=\count307
\l__fontspec_tmpa_dim=\dimen160
\l__fontspec_tmpb_dim=\dimen161
\l__fontspec_tmpc_dim=\dimen162
(c:/Users/STALYN/AppData/Roaming/TinyTeX/texmf-dist/tex/latex/base/fontenc.sty
Package: fontenc 2025/07/18 v2.1d Standard LaTeX package
) (c:/Users/STALYN/AppData/Roaming/TinyTeX/texmf-dist/tex/latex/fontspec/fontspec.cfg))) (c:/Users/STALYN/AppData/Roaming/TinyTeX/texmf-dist/tex/latex/base/fix-cm.sty
Package: fix-cm 2020/11/24 v1.1t fixes to LaTeX
(c:/Users/STALYN/AppData/Roaming/TinyTeX/texmf-dist/tex/latex/base/ts1enc.def
File: ts1enc.def 2001/06/05 v3.0e (jk/car/fm) Standard LaTeX file
LaTeX Font Info:    Redeclaring font encoding TS1 on input line 47.
LaTeX Encoding Info:    Redeclaring text command \capitalcedilla (encoding TS1) on input line 49.
LaTeX Encoding Info:    Redeclaring text command \capitalogonek (encoding TS1) on input line 52.
LaTeX Encoding Info:    Redeclaring text command \capitalgrave (encoding TS1) on input line 55.
LaTeX Encoding Info:    Redeclaring text command \capitalacute (encoding TS1) on input line 56.
LaTeX Encoding Info:    Redeclaring text command \capitalcircumflex (encoding TS1) on input line 57.
LaTeX Encoding Info:    Redeclaring text command \capitaltilde (encoding TS1) on input line 58.
LaTeX Encoding Info:    Redeclaring text command \capitaldieresis (encoding TS1) on input line 59.
LaTeX Encoding Info:    Redeclaring text command \capitalhungarumlaut (encoding TS1) on input line 60.
LaTeX Encoding Info:    Redeclaring text command \capitalring (encoding TS1) on input line 61.
LaTeX Encoding Info:    Redeclaring text command \capitalcaron (encoding TS1) on input line 62.
LaTeX Encoding Info:    Redeclaring text command \capitalbreve (encoding TS1) on input line 63.
LaTeX Encoding Info:    Redeclaring text command \capitalmacron (encoding TS1) on input line 64.
LaTeX Encoding Info:    Redeclaring text command \capitaldotaccent (encoding TS1) on input line 65.
LaTeX Encoding Info:    Redeclaring text command \t (encoding TS1) on input line 66.
LaTeX Encoding Info:    Redeclaring text command \capitaltie (encoding TS1) on input line 67.
LaTeX Encoding Info:    Redeclaring text command \newtie (encoding TS1) on input line 68.
LaTeX Encoding Info:    Redeclaring text command \capitalnewtie (encoding TS1) on input line 69.
LaTeX Encoding Info:    Redeclaring text symbol \textcapitalcompwordmark (encoding TS1) on input line 70.
LaTeX Encoding Info:    Redeclaring text symbol \textascendercompwordmark (encoding TS1) on input line 71.
LaTeX Encoding Info:    Redeclaring text symbol \textquotestraightbase (encoding TS1) on input line 72.
LaTeX Encoding Info:    Redeclaring text symbol \textquotestraightdblbase (encoding TS1) on input line 73.
LaTeX Encoding Info:    Redeclaring text symbol \texttwelveudash (encoding TS1) on input line 74.
LaTeX Encoding Info:    Redeclaring text symbol \textthreequartersemdash (encoding TS1) on input line 75.
LaTeX Encoding Info:    Redeclaring text symbol \textleftarrow (encoding TS1) on input line 76.
LaTeX Encoding Info:    Redeclaring text symbol \textrightarrow (encoding TS1) on input line 77.
LaTeX Encoding Info:    Redeclaring text symbol \textblank (encoding TS1) on input line 78.
LaTeX Encoding Info:    Redeclaring text symbol \textdollar (encoding TS1) on input line 79.
LaTeX Encoding Info:    Redeclaring text symbol \textquotesingle (encoding TS1) on input line 80.
LaTeX Encoding Info:    Redeclaring text command \textasteriskcentered (encoding TS1) on input line 81.
LaTeX Encoding Info:    Redeclaring text symbol \textdblhyphen (encoding TS1) on input line 92.
LaTeX Encoding Info:    Redeclaring text symbol \textfractionsolidus (encoding TS1) on input line 93.
LaTeX Encoding Info:    Redeclaring text symbol \textzerooldstyle (encoding TS1) on input line 94.
LaTeX Encoding Info:    Redeclaring text symbol \textoneoldstyle (encoding TS1) on input line 95.
LaTeX Encoding Info:    Redeclaring text symbol \texttwooldstyle (encoding TS1) on input line 96.
LaTeX Encoding Info:    Redeclaring text symbol \textthreeoldstyle (encoding TS1) on input line 97.
LaTeX Encoding Info:    Redeclaring text symbol \textfouroldstyle (encoding TS1) on input line 98.
LaTeX Encoding Info:    Redeclaring text symbol \textfiveoldstyle (encoding TS1) on input line 99.
LaTeX Encoding Info:    Redeclaring text symbol \textsixoldstyle (encoding TS1) on input line 100.
LaTeX Encoding Info:    Redeclaring text symbol \textsevenoldstyle (encoding TS1) on input line 101.
LaTeX Encoding Info:    Redeclaring text symbol \texteightoldstyle (encoding TS1) on input line 102.
LaTeX Encoding Info:    Redeclaring text symbol \textnineoldstyle (encoding TS1) on input line 103.
LaTeX Encoding Info:    Redeclaring text symbol \textlangle (encoding TS1) on input line 104.
LaTeX Encoding Info:    Redeclaring text symbol \textminus (encoding TS1) on input line 105.
LaTeX Encoding Info:    Redeclaring text symbol \textrangle (encoding TS1) on input line 106.
LaTeX Encoding Info:    Redeclaring text symbol \textmho (encoding TS1) on input line 107.
LaTeX Encoding Info:    Redeclaring text symbol \textbigcircle (encoding TS1) on input line 108.
LaTeX Encoding Info:    Redeclaring text command \textcircled (encoding TS1) on input line 109.
LaTeX Encoding Info:    Redeclaring text symbol \textohm (encoding TS1) on input line 115.
LaTeX Encoding Info:    Redeclaring text symbol \textlbrackdbl (encoding TS1) on input line 116.
LaTeX Encoding Info:    Redeclaring text symbol \textrbrackdbl (encoding TS1) on input line 117.
LaTeX Encoding Info:    Redeclaring text symbol \textuparrow (encoding TS1) on input line 118.
LaTeX Encoding Info:    Redeclaring text symbol \textdownarrow (encoding TS1) on input line 119.
LaTeX Encoding Info:    Redeclaring text symbol \textasciigrave (encoding TS1) on input line 120.
LaTeX Encoding Info:    Redeclaring text symbol \textborn (encoding TS1) on input line 121.
LaTeX Encoding Info:    Redeclaring text symbol \textdivorced (encoding TS1) on input line 122.
LaTeX Encoding Info:    Redeclaring text symbol \textdied (encoding TS1) on input line 123.
LaTeX Encoding Info:    Redeclaring text symbol \textleaf (encoding TS1) on input line 124.
LaTeX Encoding Info:    Redeclaring text symbol \textmarried (encoding TS1) on input line 125.
LaTeX Encoding Info:    Redeclaring text symbol \textmusicalnote (encoding TS1) on input line 126.
LaTeX Encoding Info:    Redeclaring text symbol \texttildelow (encoding TS1) on input line 127.
LaTeX Encoding Info:    Redeclaring text symbol \textdblhyphenchar (encoding TS1) on input line 128.
LaTeX Encoding Info:    Redeclaring text symbol \textasciibreve (encoding TS1) on input line 129.
LaTeX Encoding Info:    Redeclaring text symbol \textasciicaron (encoding TS1) on input line 130.
LaTeX Encoding Info:    Redeclaring text symbol \textacutedbl (encoding TS1) on input line 131.
LaTeX Encoding Info:    Redeclaring text symbol \textgravedbl (encoding TS1) on input line 132.
LaTeX Encoding Info:    Redeclaring text symbol \textdagger (encoding TS1) on input line 133.
LaTeX Encoding Info:    Redeclaring text symbol \textdaggerdbl (encoding TS1) on input line 134.
LaTeX Encoding Info:    Redeclaring text symbol \textbardbl (encoding TS1) on input line 135.
LaTeX Encoding Info:    Redeclaring text symbol \textperthousand (encoding TS1) on input line 136.
LaTeX Encoding Info:    Redeclaring text symbol \textbullet (encoding TS1) on input line 137.
LaTeX Encoding Info:    Redeclaring text symbol \textcelsius (encoding TS1) on input line 138.
LaTeX Encoding Info:    Redeclaring text symbol \textdollaroldstyle (encoding TS1) on input line 139.
LaTeX Encoding Info:    Redeclaring text symbol \textcentoldstyle (encoding TS1) on input line 140.
LaTeX Encoding Info:    Redeclaring text symbol \textflorin (encoding TS1) on input line 141.
LaTeX Encoding Info:    Redeclaring text symbol \textcolonmonetary (encoding TS1) on input line 142.
LaTeX Encoding Info:    Redeclaring text symbol \textwon (encoding TS1) on input line 143.
LaTeX Encoding Info:    Redeclaring text symbol \textnaira (encoding TS1) on input line 144.
LaTeX Encoding Info:    Redeclaring text symbol \textguarani (encoding TS1) on input line 145.
LaTeX Encoding Info:    Redeclaring text symbol \textpeso (encoding TS1) on input line 146.
LaTeX Encoding Info:    Redeclaring text symbol \textlira (encoding TS1) on input line 147.
LaTeX Encoding Info:    Redeclaring text symbol \textrecipe (encoding TS1) on input line 148.
LaTeX Encoding Info:    Redeclaring text symbol \textinterrobang (encoding TS1) on input line 149.
LaTeX Encoding Info:    Redeclaring text symbol \textinterrobangdown (encoding TS1) on input line 150.
LaTeX Encoding Info:    Redeclaring text symbol \textdong (encoding TS1) on input line 151.
LaTeX Encoding Info:    Redeclaring text symbol \texttrademark (encoding TS1) on input line 152.
LaTeX Encoding Info:    Redeclaring text symbol \textpertenthousand (encoding TS1) on input line 153.
LaTeX Encoding Info:    Redeclaring text symbol \textpilcrow (encoding TS1) on input line 154.
LaTeX Encoding Info:    Redeclaring text symbol \textbaht (encoding TS1) on input line 155.
LaTeX Encoding Info:    Redeclaring text symbol \textnumero (encoding TS1) on input line 156.
LaTeX Encoding Info:    Redeclaring text symbol \textdiscount (encoding TS1) on input line 157.
LaTeX Encoding Info:    Redeclaring text symbol \textestimated (encoding TS1) on input line 158.
LaTeX Encoding Info:    Redeclaring text symbol \textopenbullet (encoding TS1) on input line 159.
LaTeX Encoding Info:    Redeclaring text symbol \textservicemark (encoding TS1) on input line 160.
LaTeX Encoding Info:    Redeclaring text symbol \textlquill (encoding TS1) on input line 161.
LaTeX Encoding Info:    Redeclaring text symbol \textrquill (encoding TS1) on input line 162.
LaTeX Encoding Info:    Redeclaring text symbol \textcent (encoding TS1) on input line 163.
LaTeX Encoding Info:    Redeclaring text symbol \textsterling (encoding TS1) on input line 164.
LaTeX Encoding Info:    Redeclaring text symbol \textcurrency (encoding TS1) on input line 165.
LaTeX Encoding Info:    Redeclaring text symbol \textyen (encoding TS1) on input line 166.
LaTeX Encoding Info:    Redeclaring text symbol \textbrokenbar (encoding TS1) on input line 167.
LaTeX Encoding Info:    Redeclaring text symbol \textsection (encoding TS1) on input line 168.
LaTeX Encoding Info:    Redeclaring text symbol \textasciidieresis (encoding TS1) on input line 169.
LaTeX Encoding Info:    Redeclaring text symbol \textcopyright (encoding TS1) on input line 170.
LaTeX Encoding Info:    Redeclaring text symbol \textordfeminine (encoding TS1) on input line 171.
LaTeX Encoding Info:    Redeclaring text symbol \textcopyleft (encoding TS1) on input line 172.
LaTeX Encoding Info:    Redeclaring text symbol \textlnot (encoding TS1) on input line 173.
LaTeX Encoding Info:    Redeclaring text symbol \textcircledP (encoding TS1) on input line 174.
LaTeX Encoding Info:    Redeclaring text symbol \textregistered (encoding TS1) on input line 175.
LaTeX Encoding Info:    Redeclaring text symbol \textasciimacron (encoding TS1) on input line 176.
LaTeX Encoding Info:    Redeclaring text symbol \textdegree (encoding TS1) on input line 177.
LaTeX Encoding Info:    Redeclaring text symbol \textpm (encoding TS1) on input line 178.
LaTeX Encoding Info:    Redeclaring text symbol \texttwosuperior (encoding TS1) on input line 179.
LaTeX Encoding Info:    Redeclaring text symbol \textthreesuperior (encoding TS1) on input line 180.
LaTeX Encoding Info:    Redeclaring text symbol \textasciiacute (encoding TS1) on input line 181.
LaTeX Encoding Info:    Redeclaring text symbol \textmu (encoding TS1) on input line 182.
LaTeX Encoding Info:    Redeclaring text symbol \textparagraph (encoding TS1) on input line 183.
LaTeX Encoding Info:    Redeclaring text symbol \textperiodcentered (encoding TS1) on input line 184.
LaTeX Encoding Info:    Redeclaring text symbol \textreferencemark (encoding TS1) on input line 185.
LaTeX Encoding Info:    Redeclaring text symbol \textonesuperior (encoding TS1) on input line 186.
LaTeX Encoding Info:    Redeclaring text symbol \textordmasculine (encoding TS1) on input line 187.
LaTeX Encoding Info:    Redeclaring text symbol \textsurd (encoding TS1) on input line 188.
LaTeX Encoding Info:    Redeclaring text symbol \textonequarter (encoding TS1) on input line 189.
LaTeX Encoding Info:    Redeclaring text symbol \textonehalf (encoding TS1) on input line 190.
LaTeX Encoding Info:    Redeclaring text symbol \textthreequarters (encoding TS1) on input line 191.
LaTeX Encoding Info:    Redeclaring text symbol \texteuro (encoding TS1) on input line 192.
LaTeX Encoding Info:    Redeclaring text symbol \texttimes (encoding TS1) on input line 193.
LaTeX Encoding Info:    Redeclaring text symbol \textdiv (encoding TS1) on input line 194.
))
\g__um_fam_int=\count308
\g__um_fonts_used_int=\count309
\l__um_primecount_int=\count310
\g__um_primekern_muskip=\muskip18
(c:/Users/STALYN/AppData/Roaming/TinyTeX/texmf-dist/tex/latex/unicode-math/unicode-math-table.tex))) (c:/Users/STALYN/AppData/Roaming/TinyTeX/texmf-dist/tex/latex/lm/lmodern.sty
Package: lmodern 2015/05/01 v1.6.1 Latin Modern Fonts
LaTeX Font Info:    Overwriting symbol font `operators' in version `normal'
(Font)                  OT1/cmr/m/n --> OT1/lmr/m/n on input line 22.
LaTeX Font Info:    Overwriting symbol font `letters' in version `normal'
(Font)                  OML/cmm/m/it --> OML/lmm/m/it on input line 23.
LaTeX Font Info:    Overwriting symbol font `symbols' in version `normal'
(Font)                  OMS/cmsy/m/n --> OMS/lmsy/m/n on input line 24.
LaTeX Font Info:    Overwriting symbol font `largesymbols' in version `normal'
(Font)                  OMX/cmex/m/n --> OMX/lmex/m/n on input line 25.
LaTeX Font Info:    Overwriting symbol font `operators' in version `bold'
(Font)                  OT1/cmr/bx/n --> OT1/lmr/bx/n on input line 26.
LaTeX Font Info:    Overwriting symbol font `letters' in version `bold'
(Font)                  OML/cmm/b/it --> OML/lmm/b/it on input line 27.
LaTeX Font Info:    Overwriting symbol font `symbols' in version `bold'
(Font)                  OMS/cmsy/b/n --> OMS/lmsy/b/n on input line 28.
LaTeX Font Info:    Overwriting symbol font `largesymbols' in version `bold'
(Font)                  OMX/cmex/m/n --> OMX/lmex/m/n on input line 29.
LaTeX Font Info:    Overwriting math alphabet `\mathbf' in version `normal'
(Font)                  OT1/cmr/bx/n --> OT1/lmr/bx/n on input line 31.
LaTeX Font Info:    Overwriting math alphabet `\mathsf' in version `normal'
(Font)                  OT1/cmss/m/n --> OT1/lmss/m/n on input line 32.
LaTeX Font Info:    Overwriting math alphabet `\mathit' in version `normal'
(Font)                  OT1/cmr/m/it --> OT1/lmr/m/it on input line 33.
LaTeX Font Info:    Overwriting math alphabet `\mathtt' in version `normal'
(Font)                  OT1/cmtt/m/n --> OT1/lmtt/m/n on input line 34.
LaTeX Font Info:    Overwriting math alphabet `\mathbf' in version `bold'
(Font)                  OT1/cmr/bx/n --> OT1/lmr/bx/n on input line 35.
LaTeX Font Info:    Overwriting math alphabet `\mathsf' in version `bold'
(Font)                  OT1/cmss/bx/n --> OT1/lmss/bx/n on input line 36.
LaTeX Font Info:    Overwriting math alphabet `\mathit' in version `bold'
(Font)                  OT1/cmr/bx/it --> OT1/lmr/bx/it on input line 37.
LaTeX Font Info:    Overwriting math alphabet `\mathtt' in version `bold'
(Font)                  OT1/cmtt/m/n --> OT1/lmtt/m/n on input line 38.
) (c:/Users/STALYN/AppData/Roaming/TinyTeX/texmf-dist/tex/latex/upquote/upquote.sty
Package: upquote 2012/04/19 v1.3 upright-quote and grave-accent glyphs in verbatim
(c:/Users/STALYN/AppData/Roaming/TinyTeX/texmf-dist/tex/latex/base/textcomp.sty
Package: textcomp 2024/04/24 v2.1b Standard LaTeX package
)) (c:/Users/STALYN/AppData/Roaming/TinyTeX/texmf-dist/tex/latex/microtype/microtype.sty
Package: microtype 2026/03/01 v3.2d Micro-typographical refinements (RS)
(c:/Users/STALYN/AppData/Roaming/TinyTeX/texmf-dist/tex/latex/graphics/keyval.sty
Package: keyval 2026-05-17 v1.15 key=value parser (DPC)
\KV@toks@=\toks22
) (c:/Users/STALYN/AppData/Roaming/TinyTeX/texmf-dist/tex/latex/etoolbox/etoolbox.sty
Package: etoolbox 2025/10/02 v2.5m e-TeX tools for LaTeX (JAW)
\etb@tempcnta=\count311
)
\MT@toks=\toks23
\MT@tempbox=\box55
\MT@count=\count312
LaTeX Info: Redefining \noprotrusionifhmode on input line 1084.
LaTeX Info: Redefining \leftprotrusion on input line 1085.
\MT@prot@toks=\toks24
LaTeX Info: Redefining \rightprotrusion on input line 1104.
LaTeX Info: Redefining \textls on input line 1449.
\MT@outer@kern=\dimen163
LaTeX Info: Redefining \microtypecontext on input line 2053.
LaTeX Info: Redefining \textmicrotypecontext on input line 2070.
\MT@listname@count=\count313
(c:/Users/STALYN/AppData/Roaming/TinyTeX/texmf-dist/tex/latex/microtype/microtype-xetex.def
File: microtype-xetex.def 2026/03/01 v3.2d Definitions specific to xetex (RS)
LaTeX Info: Redefining \lsstyle on input line 443.
LaTeX Info: Redefining \lslig on input line 451.
\MT@outer@space=\skip54
)
Package microtype Info: Loading configuration file microtype.cfg.
(c:/Users/STALYN/AppData/Roaming/TinyTeX/texmf-dist/tex/latex/microtype/microtype.cfg
File: microtype.cfg 2026/03/01 v3.2d microtype main configuration file (RS)
)
LaTeX Info: Redefining \microtypesetup on input line 3065.
) (c:/Users/STALYN/AppData/Roaming/TinyTeX/texmf-dist/tex/latex/tools/longtable.sty
Package: longtable 2026-01-28 v4.27 Multi-page Table package (DPC)
\LTleft=\skip55
\LTright=\skip56
\LTpre=\skip57
\LTpost=\skip58
\LTchunksize=\count314
\LTcapwidth=\dimen164
\LT@head=\box56
\LT@firsthead=\box57
\LT@foot=\box58
\LT@lastfoot=\box59
\LT@gbox=\box60
\LT@cols=\count315
\LT@rows=\count316
\c@LT@tables=\count317
\c@LT@chunks=\count318
\LT@p@ftn=\toks25
) (c:/Users/STALYN/AppData/Roaming/TinyTeX/texmf-dist/tex/latex/booktabs/booktabs.sty
Package: booktabs 2020/01/12 v1.61803398 Publication quality tables
\heavyrulewidth=\dimen165
\lightrulewidth=\dimen166
\cmidrulewidth=\dimen167
\belowrulesep=\dimen168
\belowbottomsep=\dimen169
\aboverulesep=\dimen170
\abovetopsep=\dimen171
\cmidrulesep=\dimen172
\cmidrulekern=\dimen173
\defaultaddspace=\dimen174
\@cmidla=\count319
\@cmidlb=\count320
\@aboverulesep=\dimen175
\@belowrulesep=\dimen176
\@thisruleclass=\count321
\@lastruleclass=\count322
\@thisrulewidth=\dimen177
) (c:/Users/STALYN/AppData/Roaming/TinyTeX/texmf-dist/tex/latex/tools/array.sty
Package: array 2026/02/24 v2.7b Tabular extension package (FMi)
\col@sep=\dimen178
\ar@mcellbox=\box61
\extrarowheight=\dimen179
\NC@list=\toks26
\extratabsurround=\skip59
\backup@length=\skip60
\ar@cellbox=\box62
)
\c@none=\count323
(c:/Users/STALYN/AppData/Roaming/TinyTeX/texmf-dist/tex/latex/tools/calc.sty
Package: calc 2025/03/01 v4.3b Infix arithmetic (KKT,FJ)
\calc@Acount=\count324
\calc@Bcount=\count325
\calc@Adimen=\dimen180
\calc@Bdimen=\dimen181
\calc@Askip=\skip61
\calc@Bskip=\skip62
LaTeX Info: Redefining \setlength on input line 86.
LaTeX Info: Redefining \addtolength on input line 87.
\calc@Ccount=\count326
\calc@Cskip=\skip63
) (c:/Users/STALYN/AppData/Roaming/TinyTeX/texmf-dist/tex/latex/footnotehyper/footnotehyper.sty
Package: footnotehyper 2025/11/15 v1.1f hyperref aware footnote.sty (JFB)
\FNH@notes=\box63
\FNH@width=\dimen182
\FNH@toks=\toks27
) (c:/Users/STALYN/AppData/Roaming/TinyTeX/texmf-dist/tex/latex/graphics/graphicx.sty
Package: graphicx 2026-05-17 v1.2e Enhanced LaTeX Graphics (DPC,SPQR)
(c:/Users/STALYN/AppData/Roaming/TinyTeX/texmf-dist/tex/latex/graphics/graphics.sty
Package: graphics 2026-05-17 v1.4h Standard LaTeX Graphics (DPC,SPQR)
(c:/Users/STALYN/AppData/Roaming/TinyTeX/texmf-dist/tex/latex/graphics/trig.sty
Package: trig 2023/12/02 v1.11 sin cos tan (DPC)
) (c:/Users/STALYN/AppData/Roaming/TinyTeX/texmf-dist/tex/latex/graphics-cfg/graphics.cfg
File: graphics.cfg 2016/06/04 v1.11 sample graphics configuration
)
Package graphics Info: Driver file: xetex.def on input line 106.
)
\Gin@req@height=\dimen183
\Gin@req@width=\dimen184
)
\pandoc@box=\box64
\cslhangindent=\skip64
\csllabelwidth=\skip65
(c:/Users/STALYN/AppData/Roaming/TinyTeX/texmf-dist/tex/generic/babel/babel.sty
Package: babel 2026/06/14 v26.9 The multilingual framework for LuaLaTeX, pdfLaTeX and XeLaTeX
\babel@savecnt=\count327
LaTeX Encoding Info:    Redeclaring text command \ij (encoding OT1) on input line 2084.
LaTeX Encoding Info:    Redeclaring text command \IJ (encoding OT1) on input line 2086.
LaTeX Encoding Info:    Redeclaring text command \ij (encoding T1) on input line 2088.
LaTeX Encoding Info:    Redeclaring text command \IJ (encoding T1) on input line 2089.
LaTeX Encoding Info:    Ignoring declaration for text command \ij (encoding ?) on input line 2090.
LaTeX Encoding Info:    Ignoring declaration for text command \IJ (encoding ?) on input line 2092.
LaTeX Encoding Info:    Ignoring declaration for text command \SS (encoding ?) on input line 2117.
\U@D=\dimen185
\l@unhyphenated=\language4
(c:/Users/STALYN/AppData/Roaming/TinyTeX/texmf-dist/tex/generic/babel/xebabel.def)
\bbl@readstream=\read2
\bbl@dirlevel=\count328
(c:/Users/STALYN/AppData/Roaming/TinyTeX/texmf-dist/tex/generic/babel/locale/es/babel-spanish.tex)
Package babel Info: Importing font and identification data for 'spanish'
(babel)             from babel-es.ini. Reported on input line 4380.
(c:/Users/STALYN/AppData/Roaming/TinyTeX/texmf-dist/tex/generic/babel-spanish/spanish.ldf
Language: spanish.ldf 2021/05/27 v5.0q Spanish support from the babel system
\es@quottoks=\toks28
\es@quotdepth=\count329
))
LaTeX Encoding Info:    Redeclaring text command \guillemotleft (encoding OT1) on input line 103.
LaTeX Encoding Info:    Redeclaring text command \guillemotright (encoding OT1) on input line 103.
(c:/Users/STALYN/AppData/Roaming/TinyTeX/texmf-dist/tex/latex/pdflscape/pdflscape.sty
Package: pdflscape 2025-06-23 v0.14 Display of landscape pages in PDF
(c:/Users/STALYN/AppData/Roaming/TinyTeX/texmf-dist/tex/latex/pdflscape/pdflscape-nometadata.sty
Package: pdflscape-nometadata 2025-06-23 v0.14 Display of landscape pages in PDF (HO)
(c:/Users/STALYN/AppData/Roaming/TinyTeX/texmf-dist/tex/latex/graphics/lscape.sty
Package: lscape 2020/05/28 v3.02 Landscape Pages (DPC)
)
Package pdflscape Info: Auto-detected driver: dvipdfm (xetex) on input line 98.
)) (c:/Users/STALYN/AppData/Roaming/TinyTeX/texmf-dist/tex/latex/float/float.sty
Package: float 2001/11/08 v1.3d Float enhancements (AL)
\c@float@type=\count330
\float@exts=\toks29
\float@box=\box65
\@float@everytoks=\toks30
\@floatcapt=\box66
) (c:/Users/STALYN/AppData/Roaming/TinyTeX/texmf-dist/tex/latex/titlesec/titlesec.sty
Package: titlesec 2025/01/04 v2.17 Sectioning titles
\ttl@box=\box67
\beforetitleunit=\skip66
\aftertitleunit=\skip67
\ttl@plus=\dimen186
\ttl@minus=\dimen187
\ttl@toksa=\toks31
\titlewidth=\dimen188
\titlewidthlast=\dimen189
\titlewidthfirst=\dimen190
) (c:/Users/STALYN/AppData/Roaming/TinyTeX/texmf-dist/tex/latex/fancyhdr/fancyhdr.sty
Package: fancyhdr 2025/02/07 v5.2 Extensive control of page headers and footers
\f@nch@headwidth=\skip68
\f@nch@offset@elh=\skip69
\f@nch@offset@erh=\skip70
\f@nch@offset@olh=\skip71
\f@nch@offset@orh=\skip72
\f@nch@offset@elf=\skip73
\f@nch@offset@erf=\skip74
\f@nch@offset@olf=\skip75
\f@nch@offset@orf=\skip76
\f@nch@height=\skip77
\f@nch@footalignment=\skip78
\f@nch@widthL=\skip79
\f@nch@widthC=\skip80
\f@nch@widthR=\skip81
\@temptokenb=\toks32
) (c:/Users/STALYN/AppData/Roaming/TinyTeX/texmf-dist/tex/latex/eso-pic/eso-pic.sty
Package: eso-pic 2026/05/31 v3.0e eso-pic (RN)
\ESO@tempdima=\dimen191
\ESO@tempdimb=\dimen192
)

Package fontspec Info: 
(fontspec)             NunitoSans_10pt-Regular scale = 0.8795896950427712.


Package fontspec Info: 
(fontspec)             NunitoSans_10pt-Regular scale = 1.


Package fontspec Info: 
(fontspec)             NunitoSans_10pt-Regular scale = 0.8795896950427712.


Package fontspec Info: 
(fontspec)             NunitoSans_10pt-Regular scale = 1.


Package fontspec Info: 
(fontspec)             NunitoSans_10pt-Bold scale = 0.8724660153390436.


Package fontspec Info: 
(fontspec)             NunitoSans_10pt-Bold scale = 1.


Package fontspec Info: 
(fontspec)             NunitoSans_10pt-Italic scale = 0.8795896950427712.


Package fontspec Info: 
(fontspec)             NunitoSans_10pt-Italic scale = 1.


Package fontspec Info: 
(fontspec)             NunitoSans_10pt-BoldItalic scale = 0.8724660153390436.


Package fontspec Info: 
(fontspec)             NunitoSans_10pt-BoldItalic scale = 1.


Package fontspec Info: 
(fontspec)             Font family 'NunitoSans(0)' created for font
(fontspec)             'NunitoSans' with options
(fontspec)             [Scale=MatchLowercase,Ligatures=TeX,Scale=1,Path =
(fontspec)             styles/fonts/nunito-sans/,Extension = .ttf,UprightFont
(fontspec)             = *_10pt-Regular,ItalicFont = *_10pt-Italic,BoldFont =
(fontspec)             *_10pt-Bold,BoldItalicFont = *_10pt-BoldItalic].
(fontspec)              
(fontspec)              This font family consists of the following NFSS
(fontspec)             series/shapes:
(fontspec)              
(fontspec)             - 'normal' (m/n) with NFSS spec.:
(fontspec)             <->s*[1]"[styles/fonts/nunito-sans/NunitoSans_10pt-Regular.ttf]/OT:script=latn;language=dflt;mapping=tex-text;"
(fontspec)             - 'bold' (b/n) with NFSS spec.:
(fontspec)             <->s*[1]"[styles/fonts/nunito-sans/NunitoSans_10pt-Bold.ttf]/OT:script=latn;language=dflt;mapping=tex-text;"
(fontspec)             - 'italic' (m/it) with NFSS spec.:
(fontspec)             <->s*[1]"[styles/fonts/nunito-sans/NunitoSans_10pt-Italic.ttf]/OT:script=latn;language=dflt;mapping=tex-text;"
(fontspec)             - 'bold italic' (b/it) with NFSS spec.:
(fontspec)             <->s*[1]"[styles/fonts/nunito-sans/NunitoSans_10pt-BoldItalic.ttf]/OT:script=latn;language=dflt;mapping=tex-text;"

LaTeX Font Info:    Font shape `TU/NunitoSans(0)/m/n' will be
(Font)              scaled to size 10.0pt on input line 154.

Package fontspec Info: 
(fontspec)             NunitoSans_10pt-Regular scale = 0.999996885967234.


Package fontspec Info: 
(fontspec)             NunitoSans_10pt-Regular scale = 0.999996885967234.


Package fontspec Info: 
(fontspec)             NunitoSans_10pt-Bold scale = 0.9918980444727243.


Package fontspec Info: 
(fontspec)             NunitoSans_10pt-Italic scale = 0.999996885967234.


Package fontspec Info: 
(fontspec)             NunitoSans_10pt-BoldItalic scale = 0.9918980444727243.


Package fontspec Info: 
(fontspec)             Font family 'NunitoSans(1)' created for font
(fontspec)             'NunitoSans' with options [Scale=MatchLowercase,Path =
(fontspec)             styles/fonts/nunito-sans/,Extension = .ttf,UprightFont
(fontspec)             = *_10pt-Regular,ItalicFont = *_10pt-Italic,BoldFont =
(fontspec)             *_10pt-Bold,BoldItalicFont = *_10pt-BoldItalic].
(fontspec)              
(fontspec)              This font family consists of the following NFSS
(fontspec)             series/shapes:
(fontspec)              
(fontspec)             - 'normal' (m/n) with NFSS spec.:
(fontspec)             <->s*[0.999996885967234]"[styles/fonts/nunito-sans/NunitoSans_10pt-Regular.ttf]/OT:script=latn;language=dflt;"
(fontspec)             - 'bold' (b/n) with NFSS spec.:
(fontspec)             <->s*[0.9918980444727243]"[styles/fonts/nunito-sans/NunitoSans_10pt-Bold.ttf]/OT:script=latn;language=dflt;"
(fontspec)             - 'italic' (m/it) with NFSS spec.:
(fontspec)             <->s*[0.999996885967234]"[styles/fonts/nunito-sans/NunitoSans_10pt-Italic.ttf]/OT:script=latn;language=dflt;"
(fontspec)             - 'bold italic' (b/it) with NFSS spec.:
(fontspec)             <->s*[0.9918980444727243]"[styles/fonts/nunito-sans/NunitoSans_10pt-BoldItalic.ttf]/OT:script=latn;language=dflt;"

LaTeX Font Info:    Overwriting math alphabet `\mathrm' in version `normal'
(Font)                  OT1/lmr/m/n --> TU/NunitoSans(1)/m/n on input line 154.
LaTeX Font Info:    Overwriting math alphabet `\mathit' in version `normal'
(Font)                  OT1/lmr/m/it --> TU/NunitoSans(1)/m/it on input line 154.
LaTeX Font Info:    Overwriting math alphabet `\mathbf' in version `normal'
(Font)                  OT1/lmr/bx/n --> TU/NunitoSans(1)/b/n on input line 154.

Package fontspec Info: 
(fontspec)             NunitoSans_10pt-ExtraBold scale = 0.9878976189011259.


Package fontspec Info: 
(fontspec)             NunitoSans_10pt-ExtraBold scale = 0.9878976189011259.


Package fontspec Info: 
(fontspec)             Font family 'NunitoSans_10pt-ExtraBold(0)' created for
(fontspec)             font 'NunitoSans_10pt-ExtraBold' with options
(fontspec)             [Scale=MatchLowercase,Path =
(fontspec)             styles/fonts/nunito-sans/,Extension = .ttf].
(fontspec)              
(fontspec)              This font family consists of the following NFSS
(fontspec)             series/shapes:
(fontspec)              
(fontspec)             - 'normal' (m/n) with NFSS spec.:
(fontspec)             <->s*[0.9878976189011259]"[styles/fonts/nunito-sans/NunitoSans_10pt-ExtraBold.ttf]/OT:script=latn;language=dflt;"


Package fontspec Info: 
(fontspec)             NunitoSans_10pt-SemiBold scale = 0.9959310006885045.


Package fontspec Info: 
(fontspec)             NunitoSans_10pt-SemiBold scale = 0.9959310006885045.


Package fontspec Info: 
(fontspec)             Font family 'NunitoSans_10pt-SemiBold(0)' created for
(fontspec)             font 'NunitoSans_10pt-SemiBold' with options
(fontspec)             [Scale=MatchLowercase,Path =
(fontspec)             styles/fonts/nunito-sans/,Extension = .ttf].
(fontspec)              
(fontspec)              This font family consists of the following NFSS
(fontspec)             series/shapes:
(fontspec)              
(fontspec)             - 'normal' (m/n) with NFSS spec.:
(fontspec)             <->s*[0.9959310006885045]"[styles/fonts/nunito-sans/NunitoSans_10pt-SemiBold.ttf]/OT:script=latn;language=dflt;"

(c:/Users/STALYN/AppData/Roaming/TinyTeX/texmf-dist/tex/latex/bookmark/bookmark.sty
Package: bookmark 2026-05-21 v1.32 PDF bookmarks (HO)
(c:/Users/STALYN/AppData/Roaming/TinyTeX/texmf-dist/tex/latex/hyperref/hyperref.sty
Package: hyperref 2026-06-17 v7.01r Hypertext links for LaTeX
(c:/Users/STALYN/AppData/Roaming/TinyTeX/texmf-dist/tex/latex/kvsetkeys/kvsetkeys.sty
Package: kvsetkeys 2022-10-05 v1.19 Key value parser (HO)
) (c:/Users/STALYN/AppData/Roaming/TinyTeX/texmf-dist/tex/generic/kvdefinekeys/kvdefinekeys.sty
Package: kvdefinekeys 2019-12-19 v1.6 Define keys (HO)
) (c:/Users/STALYN/AppData/Roaming/TinyTeX/texmf-dist/tex/generic/pdfescape/pdfescape.sty
Package: pdfescape 2019/12/09 v1.15 Implements pdfTeX's escape features (HO)
(c:/Users/STALYN/AppData/Roaming/TinyTeX/texmf-dist/tex/generic/ltxcmds/ltxcmds.sty
Package: ltxcmds 2023-12-04 v1.26 LaTeX kernel commands for general use (HO)
) (c:/Users/STALYN/AppData/Roaming/TinyTeX/texmf-dist/tex/generic/pdftexcmds/pdftexcmds.sty
Package: pdftexcmds 2020-06-27 v0.33 Utility functions of pdfTeX for LuaTeX (HO)
(c:/Users/STALYN/AppData/Roaming/TinyTeX/texmf-dist/tex/generic/infwarerr/infwarerr.sty
Package: infwarerr 2019/12/03 v1.5 Providing info/warning/error messages (HO)
)
Package pdftexcmds Info: \pdf@primitive is available.
Package pdftexcmds Info: \pdf@ifprimitive is available.
Package pdftexcmds Info: \pdfdraftmode not found.
)) (c:/Users/STALYN/AppData/Roaming/TinyTeX/texmf-dist/tex/latex/hycolor/hycolor.sty
Package: hycolor 2020-01-27 v1.10 Color options for hyperref/bookmark (HO)
) (c:/Users/STALYN/AppData/Roaming/TinyTeX/texmf-dist/tex/latex/hyperref/nameref.sty
Package: nameref 2026-01-29 v2.58 Cross-referencing by name of section
(c:/Users/STALYN/AppData/Roaming/TinyTeX/texmf-dist/tex/latex/refcount/refcount.sty
Package: refcount 2019/12/15 v3.6 Data extraction from label references (HO)
) (c:/Users/STALYN/AppData/Roaming/TinyTeX/texmf-dist/tex/generic/gettitlestring/gettitlestring.sty
Package: gettitlestring 2019/12/15 v1.6 Cleanup title references (HO)
(c:/Users/STALYN/AppData/Roaming/TinyTeX/texmf-dist/tex/latex/kvoptions/kvoptions.sty
Package: kvoptions 2022-06-15 v3.15 Key value format for package options (HO)
))
\c@section@level=\count331
) (c:/Users/STALYN/AppData/Roaming/TinyTeX/texmf-dist/tex/generic/stringenc/stringenc.sty
Package: stringenc 2019/11/29 v1.12 Convert strings between diff. encodings (HO)
)
\@linkdim=\dimen193
\Hy@linkcounter=\count332
\Hy@pagecounter=\count333
(c:/Users/STALYN/AppData/Roaming/TinyTeX/texmf-dist/tex/latex/hyperref/pd1enc.def
File: pd1enc.def 2026-06-17 v7.01r Hyperref: PDFDocEncoding definition (HO)
) (c:/Users/STALYN/AppData/Roaming/TinyTeX/texmf-dist/tex/generic/intcalc/intcalc.sty
Package: intcalc 2019/12/15 v1.3 Expandable calculations with integers (HO)
)
\Hy@SavedSpaceFactor=\count334
(c:/Users/STALYN/AppData/Roaming/TinyTeX/texmf-dist/tex/latex/hyperref/puenc.def
File: puenc.def 2026-06-17 v7.01r Hyperref: PDF Unicode definition (HO)
)
Package hyperref Info: Option `unicode' set `true' on input line 4070.
Package hyperref Info: Hyper figures OFF on input line 4199.
Package hyperref Info: Link nesting OFF on input line 4204.
Package hyperref Info: Hyper index ON on input line 4207.
Package hyperref Info: Plain pages OFF on input line 4214.
Package hyperref Info: Backreferencing OFF on input line 4219.
Package hyperref Info: Implicit mode ON; LaTeX internals redefined.
Package hyperref Info: Bookmarks ON on input line 4466.
\c@Hy@tempcnt=\count335
(c:/Users/STALYN/AppData/Roaming/TinyTeX/texmf-dist/tex/latex/url/url.sty
\Urlmuskip=\muskip19
Package: url 2013/09/16  ver 3.4  Verb mode for urls, etc.
)
LaTeX Info: Redefining \url on input line 4805.
\XeTeXLinkMargin=\dimen194
(c:/Users/STALYN/AppData/Roaming/TinyTeX/texmf-dist/tex/generic/bitset/bitset.sty
Package: bitset 2019/12/09 v1.3 Handle bit-vector datatype (HO)
(c:/Users/STALYN/AppData/Roaming/TinyTeX/texmf-dist/tex/generic/bigintcalc/bigintcalc.sty
Package: bigintcalc 2019/12/15 v1.5 Expandable calculations on big integers (HO)
))
\Fld@menulength=\count336
\Field@Width=\dimen195
\Fld@charsize=\dimen196
Package hyperref Info: Hyper figures OFF on input line 6091.
Package hyperref Info: Link nesting OFF on input line 6096.
Package hyperref Info: Hyper index ON on input line 6099.
Package hyperref Info: backreferencing OFF on input line 6106.
Package hyperref Info: Link coloring OFF on input line 6111.
Package hyperref Info: Link coloring with OCG OFF on input line 6116.
Package hyperref Info: PDF/A mode OFF on input line 6121.
\Hy@abspage=\count337
\c@Item=\count338
\c@Hfootnote=\count339
)
Package hyperref Info: Driver (autodetected): hxetex.
(c:/Users/STALYN/AppData/Roaming/TinyTeX/texmf-dist/tex/latex/hyperref/hxetex.def
File: hxetex.def 2026-06-17 v7.01r Hyperref driver for XeTeX
\pdfm@box=\box68
\c@Hy@AnnotLevel=\count340
\HyField@AnnotCount=\count341
\Fld@listcount=\count342
\c@bookmark@seq@number=\count343
(c:/Users/STALYN/AppData/Roaming/TinyTeX/texmf-dist/tex/latex/rerunfilecheck/rerunfilecheck.sty
Package: rerunfilecheck 2025-06-21 v1.11 Rerun checks for auxiliary files (HO)
(c:/Users/STALYN/AppData/Roaming/TinyTeX/texmf-dist/tex/generic/uniquecounter/uniquecounter.sty
Package: uniquecounter 2019/12/15 v1.4 Provide unlimited unique counter (HO)
)
Package uniquecounter Info: New unique counter `rerunfilecheck' on input line 284.
)
\Hy@SectionHShift=\skip82
) (c:/Users/STALYN/AppData/Roaming/TinyTeX/texmf-dist/tex/latex/bookmark/bkm-xetex.def
File: bkm-xetex.def 2026-05-21 v1.32 bookmark driver for xetex (HO)
\BKM@id=\count344
)) (./ENUS_2026_metodoloia.aux
LaTeX Info: Redefining \. on input line 8.
LaTeX Info: Redefining \% on input line 8.
Package babel Info: 'spanish' activates 'spanish' shorthands.
(babel)             Reported on input line 8.
)
\openout1 = `ENUS_2026_metodoloia.aux'.

LaTeX Font Info:    Checking defaults for OML/cmm/m/it on input line 230.
LaTeX Font Info:    ... okay on input line 230.
LaTeX Font Info:    Checking defaults for OMS/cmsy/m/n on input line 230.
LaTeX Font Info:    ... okay on input line 230.
LaTeX Font Info:    Checking defaults for OT1/cmr/m/n on input line 230.
LaTeX Font Info:    ... okay on input line 230.
LaTeX Font Info:    Checking defaults for T1/cmr/m/n on input line 230.
LaTeX Font Info:    ... okay on input line 230.
LaTeX Font Info:    Checking defaults for TS1/cmr/m/n on input line 230.
LaTeX Font Info:    ... okay on input line 230.
LaTeX Font Info:    Checking defaults for TU/lmr/m/n on input line 230.
LaTeX Font Info:    ... okay on input line 230.
LaTeX Font Info:    Checking defaults for OMX/cmex/m/n on input line 230.
LaTeX Font Info:    ... okay on input line 230.
LaTeX Font Info:    Checking defaults for U/cmr/m/n on input line 230.
LaTeX Font Info:    ... okay on input line 230.
LaTeX Font Info:    Checking defaults for PD1/pdf/m/n on input line 230.
LaTeX Font Info:    ... okay on input line 230.
LaTeX Font Info:    Checking defaults for PU/pdf/m/n on input line 230.
LaTeX Font Info:    ... okay on input line 230.
LaTeX Font Info:    Overwriting math alphabet `\mathsf' in version `normal'
(Font)                  OT1/lmss/m/n --> TU/lmss/m/n on input line 230.
LaTeX Font Info:    Overwriting math alphabet `\mathsf' in version `bold'
(Font)                  OT1/lmss/bx/n --> TU/lmss/b/n on input line 230.
LaTeX Font Info:    Overwriting math alphabet `\mathtt' in version `normal'
(Font)                  OT1/lmtt/m/n --> TU/lmtt/m/n on input line 230.
LaTeX Font Info:    Overwriting math alphabet `\mathtt' in version `bold'
(Font)                  OT1/lmtt/m/n --> TU/lmtt/b/n on input line 230.

Package fontspec Info: 
(fontspec)             latinmodern-math scale = 1.136886154194739.


Package fontspec Info: 
(fontspec)             latinmodern-math scale = 1.136886154194739.


Package fontspec Info: 
(fontspec)             latinmodern-math scale = 1.136886154194739.


Package fontspec Info: 
(fontspec)             Font family 'latinmodern-math.otf(0)' created for font
(fontspec)             'latinmodern-math.otf' with options
(fontspec)             [Scale=MatchLowercase,BoldItalicFont={},ItalicFont={},SmallCapsFont={},Script=Math,BoldFont={latinmodern-math.otf}].
(fontspec)              
(fontspec)              This font family consists of the following NFSS
(fontspec)             series/shapes:
(fontspec)              
(fontspec)             - 'normal' (m/n) with NFSS spec.:
(fontspec)             <->s*[1.136886154194739]"[latinmodern-math.otf]/OT:script=math;language=dflt;"
(fontspec)             - 'bold' (b/n) with NFSS spec.:
(fontspec)             <->s*[1.136886154194739]"[latinmodern-math.otf]/OT:script=math;language=dflt;"

LaTeX Font Info:    Font shape `TU/latinmodern-math.otf(0)/m/n' will be
(Font)              scaled to size 11.36887pt on input line 230.

Package fontspec Info: 
(fontspec)             latinmodern-math scale = 1.136886154194739.


Package fontspec Info: 
(fontspec)             latinmodern-math scale = 1.136886154194739.


Package fontspec Info: 
(fontspec)             latinmodern-math scale = 1.136886154194739.


Package fontspec Info: 
(fontspec)             latinmodern-math scale = 1.136886154194739.


Package fontspec Info: 
(fontspec)             latinmodern-math scale = 1.136886154194739.


Package fontspec Info: 
(fontspec)             Font family 'latinmodern-math.otf(1)' created for font
(fontspec)             'latinmodern-math.otf' with options
(fontspec)             [Scale=MatchLowercase,BoldItalicFont={},ItalicFont={},SmallCapsFont={},Script=Math,SizeFeatures={{Size=8.5-},{Size=6-8.5,Font=latinmodern-math.otf,Style=MathScript},{Size=-6,Font=latinmodern-math.otf,Style=MathScriptScript}},BoldFont={latinmodern-math.otf}].
(fontspec)              
(fontspec)              This font family consists of the following NFSS
(fontspec)             series/shapes:
(fontspec)              
(fontspec)             - 'normal' (m/n) with NFSS spec.:
(fontspec)             <8.5->s*[1.136886154194739]"[latinmodern-math.otf]/OT:script=math;language=dflt;"<6-8.5>s*[1.136886154194739]"[latinmodern-math.otf]/OT:script=math;language=dflt;+ssty=0;"<-6>s*[1.136886154194739]"[latinmodern-math.otf]/OT:script=math;language=dflt;+ssty=1;"
(fontspec)             - 'bold' (b/n) with NFSS spec.:
(fontspec)             <->s*[1.136886154194739]"[latinmodern-math.otf]/OT:script=math;language=dflt;"

LaTeX Font Info:    Font shape `TU/latinmodern-math.otf(1)/m/n' will be
(Font)              scaled to size 11.36887pt on input line 230.
LaTeX Font Info:    Encoding `OT1' has changed to `TU' for symbol font
(Font)              `operators' in the math version `normal' on input line 230.
LaTeX Font Info:    Overwriting symbol font `operators' in version `normal'
(Font)                  OT1/lmr/m/n --> TU/latinmodern-math.otf(1)/m/n on input line 230.
LaTeX Font Info:    Encoding `OT1' has changed to `TU' for symbol font
(Font)              `operators' in the math version `bold' on input line 230.
LaTeX Font Info:    Overwriting symbol font `operators' in version `bold'
(Font)                  OT1/lmr/bx/n --> TU/latinmodern-math.otf(1)/b/n on input line 230.

Package fontspec Info: 
(fontspec)             latinmodern-math scale = 1.136886154194739.


Package fontspec Info: 
(fontspec)             latinmodern-math scale = 1.136999842810158.


Package fontspec Info: 
(fontspec)             latinmodern-math scale = 1.136886154194739.


Package fontspec Info: 
(fontspec)             latinmodern-math scale = 1.136999842810158.


Package fontspec Info: 
(fontspec)             latinmodern-math scale = 1.136886154194739.


Package fontspec Info: 
(fontspec)             latinmodern-math scale = 1.136999842810158.


Package fontspec Info: 
(fontspec)             latinmodern-math scale = 1.136886154194739.


Package fontspec Info: 
(fontspec)             latinmodern-math scale = 1.136999842810158.


Package fontspec Info: 
(fontspec)             latinmodern-math scale = 1.136886154194739.


Package fontspec Info: 
(fontspec)             latinmodern-math scale = 1.136999842810158.


Package fontspec Info: 
(fontspec)             Font family 'latinmodern-math.otf(2)' created for font
(fontspec)             'latinmodern-math.otf' with options
(fontspec)             [Scale=MatchLowercase,BoldItalicFont={},ItalicFont={},SmallCapsFont={},Script=Math,SizeFeatures={{Size=8.5-},{Size=6-8.5,Font=latinmodern-math.otf,Style=MathScript},{Size=-6,Font=latinmodern-math.otf,Style=MathScriptScript}},BoldFont={latinmodern-math.otf},ScaleAgain=1.0001,FontAdjustment={\fontdimen
(fontspec)             8\font =7.69672pt\relax \fontdimen 9\font
(fontspec)             =4.47934pt\relax \fontdimen 10\font =5.04778pt\relax
(fontspec)             \fontdimen 11\font =7.79904pt\relax \fontdimen 12\font
(fontspec)             =3.92226pt\relax \fontdimen 13\font =4.12689pt\relax
(fontspec)             \fontdimen 14\font =4.12689pt\relax \fontdimen 15\font
(fontspec)             =3.2856pt\relax \fontdimen 16\font =2.8081pt\relax
(fontspec)             \fontdimen 17\font =2.8081pt\relax \fontdimen 18\font
(fontspec)             =2.84222pt\relax \fontdimen 19\font =2.27377pt\relax
(fontspec)             \fontdimen 22\font =2.84222pt\relax \fontdimen 20\font
(fontspec)             =0pt\relax \fontdimen 21\font =0pt\relax }].
(fontspec)              
(fontspec)              This font family consists of the following NFSS
(fontspec)             series/shapes:
(fontspec)              
(fontspec)             - 'normal' (m/n) with NFSS spec.:
(fontspec)             <8.5->s*[1.136999842810158]"[latinmodern-math.otf]/OT:script=math;language=dflt;"<6-8.5>s*[1.136999842810158]"[latinmodern-math.otf]/OT:script=math;language=dflt;+ssty=0;"<-6>s*[1.136999842810158]"[latinmodern-math.otf]/OT:script=math;language=dflt;+ssty=1;"
(fontspec)             - 'bold' (b/n) with NFSS spec.:
(fontspec)             <->s*[1.136999842810158]"[latinmodern-math.otf]/OT:script=math;language=dflt;"

LaTeX Font Info:    Encoding `OMS' has changed to `TU' for symbol font
(Font)              `symbols' in the math version `normal' on input line 230.
LaTeX Font Info:    Overwriting symbol font `symbols' in version `normal'
(Font)                  OMS/lmsy/m/n --> TU/latinmodern-math.otf(2)/m/n on input line 230.
LaTeX Font Info:    Encoding `OMS' has changed to `TU' for symbol font
(Font)              `symbols' in the math version `bold' on input line 230.
LaTeX Font Info:    Overwriting symbol font `symbols' in version `bold'
(Font)                  OMS/lmsy/b/n --> TU/latinmodern-math.otf(2)/b/n on input line 230.

Package fontspec Info: 
(fontspec)             latinmodern-math scale = 1.136886154194739.


Package fontspec Info: 
(fontspec)             latinmodern-math scale = 1.13677246557932.


Package fontspec Info: 
(fontspec)             latinmodern-math scale = 1.136886154194739.


Package fontspec Info: 
(fontspec)             latinmodern-math scale = 1.13677246557932.


Package fontspec Info: 
(fontspec)             latinmodern-math scale = 1.136886154194739.


Package fontspec Info: 
(fontspec)             latinmodern-math scale = 1.13677246557932.


Package fontspec Info: 
(fontspec)             latinmodern-math scale = 1.136886154194739.


Package fontspec Info: 
(fontspec)             latinmodern-math scale = 1.13677246557932.


Package fontspec Info: 
(fontspec)             latinmodern-math scale = 1.136886154194739.


Package fontspec Info: 
(fontspec)             latinmodern-math scale = 1.13677246557932.


Package fontspec Info: 
(fontspec)             Font family 'latinmodern-math.otf(3)' created for font
(fontspec)             'latinmodern-math.otf' with options
(fontspec)             [Scale=MatchLowercase,BoldItalicFont={},ItalicFont={},SmallCapsFont={},Script=Math,SizeFeatures={{Size=8.5-},{Size=6-8.5,Font=latinmodern-math.otf,Style=MathScript},{Size=-6,Font=latinmodern-math.otf,Style=MathScriptScript}},BoldFont={latinmodern-math.otf},ScaleAgain=0.9999,FontAdjustment={\fontdimen
(fontspec)             8\font =0.45476pt\relax \fontdimen 9\font
(fontspec)             =2.27377pt\relax \fontdimen 10\font =1.8986pt\relax
(fontspec)             \fontdimen 11\font =1.26195pt\relax \fontdimen 12\font
(fontspec)             =6.82132pt\relax \fontdimen 13\font =0pt\relax }].
(fontspec)              
(fontspec)              This font family consists of the following NFSS
(fontspec)             series/shapes:
(fontspec)              
(fontspec)             - 'normal' (m/n) with NFSS spec.:
(fontspec)             <8.5->s*[1.13677246557932]"[latinmodern-math.otf]/OT:script=math;language=dflt;"<6-8.5>s*[1.13677246557932]"[latinmodern-math.otf]/OT:script=math;language=dflt;+ssty=0;"<-6>s*[1.13677246557932]"[latinmodern-math.otf]/OT:script=math;language=dflt;+ssty=1;"
(fontspec)             - 'bold' (b/n) with NFSS spec.:
(fontspec)             <->s*[1.13677246557932]"[latinmodern-math.otf]/OT:script=math;language=dflt;"

LaTeX Font Info:    Encoding `OMX' has changed to `TU' for symbol font
(Font)              `largesymbols' in the math version `normal' on input line 230.
LaTeX Font Info:    Overwriting symbol font `largesymbols' in version `normal'
(Font)                  OMX/lmex/m/n --> TU/latinmodern-math.otf(3)/m/n on input line 230.
LaTeX Font Info:    Encoding `OMX' has changed to `TU' for symbol font
(Font)              `largesymbols' in the math version `bold' on input line 230.
LaTeX Font Info:    Overwriting symbol font `largesymbols' in version `bold'
(Font)                  OMX/lmex/m/n --> TU/latinmodern-math.otf(3)/b/n on input line 230.
LaTeX Info: Redefining \microtypecontext on input line 230.
Package microtype Info: Applying patch `item' on input line 230.
Package microtype Info: Applying patch `toc' on input line 230.
Package microtype Info: Applying patch `eqnum' on input line 230.
Package microtype Info: Applying patch `footnote' on input line 230.
Package microtype Info: Applying patch `verbatim' on input line 230.
LaTeX Info: Redefining \microtypesetup on input line 230.
Package microtype Info: Character protrusion enabled (level 2).
Package microtype Info: Using protrusion set `basicmath'.
Package microtype Info: No adjustment of tracking.
Package microtype Info: No adjustment of spacing.
Package microtype Info: No adjustment of kerning.
Package microtype Info: Loading generic protrusion settings for font family
(microtype)             `NunitoSans' (encoding: TU).
(microtype)             For optimal results, create family-specific settings.
(microtype)             See the microtype manual for details.
LaTeX Info: Redefining \. on input line 230.
LaTeX Info: Redefining \% on input line 230.
Package hyperref Info: Link coloring OFF on input line 230.
Package babel Info: Main language set to 'spanish'.
File: styles/logo/msps-logo-color.png Graphic file (type bmp)
<styles/logo/msps-logo-color.png>
LaTeX Font Info:    Font shape `TU/NunitoSans_10pt-ExtraBold(0)/m/n' will be
(Font)              scaled to size 9.879pt on input line 232.
LaTeX Font Info:    Font shape `TU/NunitoSans_10pt-ExtraBold(0)/m/n' will be
(Font)              scaled to size 24.57895pt on input line 232.
LaTeX Font Info:    Font shape `TU/NunitoSans_10pt-SemiBold(0)/m/n' will be
(Font)              scaled to size 9.95926pt on input line 232.
LaTeX Font Info:    Font shape `TU/NunitoSans_10pt-SemiBold(0)/m/n' will be
(Font)              scaled to size 14.34132pt on input line 232.
LaTeX Font Info:    Font shape `TU/NunitoSans(0)/m/n' will be
(Font)              scaled to size 12.0pt on input line 232.
LaTeX Font Info:    Font shape `TU/NunitoSans(0)/m/n' will be
(Font)              scaled to size 9.0pt on input line 232.
[1

] (./ENUS_2026_metodoloia.toc
LaTeX Info: Redefining \. on input line 1.
LaTeX Info: Redefining \% on input line 1.
LaTeX Font Info:    Font shape `TU/NunitoSans(0)/b/n' will be
(Font)              scaled to size 10.0pt on input line 2.
LaTeX Font Info:    Font shape `TU/latinmodern-math.otf(1)/m/n' will be
(Font)              scaled to size 7.9582pt on input line 5.
LaTeX Font Info:    Font shape `TU/latinmodern-math.otf(1)/m/n' will be
(Font)              scaled to size 5.68443pt on input line 5.
LaTeX Font Info:    Trying to load font information for OML+lmm on input line 5.
(c:/Users/STALYN/AppData/Roaming/TinyTeX/texmf-dist/tex/latex/lm/omllmm.fd
File: omllmm.fd 2015/05/01 v1.6.1 Font defs for Latin Modern
)
LaTeX Font Info:    Font shape `TU/latinmodern-math.otf(2)/m/n' will be
(Font)              scaled to size 11.36993pt on input line 5.
LaTeX Font Info:    Font shape `TU/latinmodern-math.otf(2)/m/n' will be
(Font)              scaled to size 7.95895pt on input line 5.
LaTeX Font Info:    Font shape `TU/latinmodern-math.otf(2)/m/n' will be
(Font)              scaled to size 5.68497pt on input line 5.
LaTeX Font Info:    Font shape `TU/latinmodern-math.otf(3)/m/n' will be
(Font)              scaled to size 11.3678pt on input line 5.
LaTeX Font Info:    Font shape `TU/latinmodern-math.otf(3)/m/n' will be
(Font)              scaled to size 7.95746pt on input line 5.
LaTeX Font Info:    Font shape `TU/latinmodern-math.otf(3)/m/n' will be
(Font)              scaled to size 5.6839pt on input line 5.
LaTeX Font Info:    Trying to load font information for U+msa on input line 5.
(c:/Users/STALYN/AppData/Roaming/TinyTeX/texmf-dist/tex/latex/amsfonts/umsa.fd
File: umsa.fd 2013/01/14 v3.01 AMS symbols A
) (c:/Users/STALYN/AppData/Roaming/TinyTeX/texmf-dist/tex/latex/microtype/mt-msa.cfg
File: mt-msa.cfg 2006/02/04 v1.1 microtype config. file: AMS symbols (a) (RS)
)
LaTeX Font Info:    Trying to load font information for U+msb on input line 5.
(c:/Users/STALYN/AppData/Roaming/TinyTeX/texmf-dist/tex/latex/amsfonts/umsb.fd
File: umsb.fd 2013/01/14 v3.01 AMS symbols B
) (c:/Users/STALYN/AppData/Roaming/TinyTeX/texmf-dist/tex/latex/microtype/mt-msb.cfg
File: mt-msb.cfg 2005/06/01 v1.0 microtype config. file: AMS symbols (b) (RS)
)
File: styles/logo/msps-logo-color.png Graphic file (type bmp)
<styles/logo/msps-logo-color.png>
[2

]
LaTeX Info: Redefining \. on input line 49.
LaTeX Info: Redefining \% on input line 49.
Package babel Info: 'spanish' activates 'spanish' shorthands.
(babel)             Reported on input line 49.
File: styles/logo/msps-logo-color.png Graphic file (type bmp)
<styles/logo/msps-logo-color.png>
[3]
Missing character: There is no → (U+2192) in font [styles/fonts/nunito-sans/NunitoSans_10pt-Regular.ttf]/OT:script=latn;language=dflt;mapping=tex-text;!
Missing character: There is no → (U+2192) in font [styles/fonts/nunito-sans/NunitoSans_10pt-Regular.ttf]/OT:script=latn;language=dflt;mapping=tex-text;!
Missing character: There is no → (U+2192) in font [styles/fonts/nunito-sans/NunitoSans_10pt-Regular.ttf]/OT:script=latn;language=dflt;mapping=tex-text;!
File: styles/logo/msps-logo-color.png Graphic file (type bmp)
<styles/logo/msps-logo-color.png>
LaTeX Info: Redefining \. on input line 74.
LaTeX Info: Redefining \% on input line 74.
[4]
Overfull \hbox (5.29004pt too wide) detected at line 98
\TU/NunitoSans(0)/m/n/10 13.2.10. 
 []


Overfull \hbox (5.29004pt too wide) detected at line 99
\TU/NunitoSans(0)/m/n/10 13.2.11. 
 []

LaTeX Info: Redefining \. on input line 103.
LaTeX Info: Redefining \% on input line 103.
File: styles/logo/msps-logo-color.png Graphic file (type bmp)
<styles/logo/msps-logo-color.png>
[5]
Overfull \hbox (2.49997pt too wide) detected at line 121
 []\TU/NunitoSans(0)/m/n/10 100
 []


Overfull \hbox (2.49997pt too wide) detected at line 122
 []\TU/NunitoSans(0)/m/n/10 100
 []


Overfull \hbox (2.49997pt too wide) detected at line 123
 []\TU/NunitoSans(0)/m/n/10 100
 []


Overfull \hbox (2.49997pt too wide) detected at line 125
 []\TU/NunitoSans(0)/m/n/10 102
 []


Overfull \hbox (2.49997pt too wide) detected at line 126
 []\TU/NunitoSans(0)/m/n/10 103
 []


Overfull \hbox (2.49997pt too wide) detected at line 127
 []\TU/NunitoSans(0)/m/n/10 104
 []


Overfull \hbox (2.49997pt too wide) detected at line 128
 []\TU/NunitoSans(0)/m/n/10 105
 []


Overfull \hbox (2.49997pt too wide) detected at line 129
 []\TU/NunitoSans(0)/m/n/10 106
 []


Overfull \hbox (2.49997pt too wide) detected at line 130
 []\TU/NunitoSans(0)/m/n/10 107
 []

File: styles/logo/msps-logo-color.png Graphic file (type bmp)
<styles/logo/msps-logo-color.png>
LaTeX Info: Redefining \. on input line 131.
LaTeX Info: Redefining \% on input line 131.
[6]
Overfull \hbox (2.49997pt too wide) detected at line 131
 []\TU/NunitoSans(0)/m/n/10 108
 []


Overfull \hbox (2.49997pt too wide) detected at line 132
 []\TU/NunitoSans(0)/m/n/10 109
 []


Overfull \hbox (2.49997pt too wide) detected at line 133
 []\TU/NunitoSans(0)/m/n/10 110
 []


Overfull \hbox (2.49997pt too wide) detected at line 134
 []\TU/NunitoSans(0)/m/n/10 110
 []


Overfull \hbox (2.49997pt too wide) detected at line 135
 []\TU/NunitoSans(0)/m/n/10 111
 []


Overfull \hbox (2.49997pt too wide) detected at line 136
 []\TU/NunitoSans(0)/m/n/10 111
 []


Overfull \hbox (2.49997pt too wide) detected at line 137
 []\TU/NunitoSans(0)/m/n/10 112
 []


Overfull \hbox (5.85997pt too wide) detected at line 138
\TU/NunitoSans(0)/m/n/10 17.10. 
 []


Overfull \hbox (2.49997pt too wide) detected at line 138
 []\TU/NunitoSans(0)/m/n/10 112
 []


Overfull \hbox (2.49997pt too wide) detected at line 140
 []\TU/NunitoSans(0)/m/n/10 113
 []


Overfull \hbox (2.49997pt too wide) detected at line 141
 []\TU/NunitoSans(0)/m/n/10 114
 []


Overfull \hbox (2.49997pt too wide) detected at line 142
 []\TU/NunitoSans(0)/m/n/10 114
 []


Overfull \hbox (2.49997pt too wide) detected at line 143
 []\TU/NunitoSans(0)/m/n/10 115
 []


Overfull \hbox (2.49997pt too wide) detected at line 144
 []\TU/NunitoSans(0)/m/n/10 115
 []


Overfull \hbox (2.49997pt too wide) detected at line 145
 []\TU/NunitoSans(0)/m/n/10 116
 []


Overfull \hbox (2.49997pt too wide) detected at line 147
 []\TU/NunitoSans(0)/m/n/10 117
 []


Overfull \hbox (2.49997pt too wide) detected at line 148
 []\TU/NunitoSans(0)/m/n/10 118
 []


Overfull \hbox (2.49997pt too wide) detected at line 149
 []\TU/NunitoSans(0)/m/n/10 118
 []


Overfull \hbox (2.49997pt too wide) detected at line 150
 []\TU/NunitoSans(0)/m/n/10 118
 []


Overfull \hbox (2.49997pt too wide) detected at line 151
 []\TU/NunitoSans(0)/m/n/10 118
 []


Overfull \hbox (2.49997pt too wide) detected at line 152
 []\TU/NunitoSans(0)/m/n/10 119
 []


Overfull \hbox (2.49997pt too wide) detected at line 153
 []\TU/NunitoSans(0)/m/n/10 119
 []


Overfull \hbox (2.49997pt too wide) detected at line 154
 []\TU/NunitoSans(0)/m/n/10 119
 []


Overfull \hbox (2.49997pt too wide) detected at line 155
 []\TU/NunitoSans(0)/m/n/10 119
 []

)
\tf@toc=\write3
\openout3 = `ENUS_2026_metodoloia.toc'.

LaTeX Info: Redefining \. on input line 237.
LaTeX Info: Redefining \% on input line 237.
File: styles/logo/msps-logo-color.png Graphic file (type bmp)
<styles/logo/msps-logo-color.png>
[7]
LaTeX Font Info:    Font shape `TU/NunitoSans(0)/m/it' will be
(Font)              scaled to size 10.0pt on input line 240.
File: styles/logo/msps-logo-color.png Graphic file (type bmp)
<styles/logo/msps-logo-color.png>
[8

]
Capítulo 1.
File: styles/logo/msps-logo-color.png Graphic file (type bmp)
<styles/logo/msps-logo-color.png>
[9

]
File: styles/logo/msps-logo-color.png Graphic file (type bmp)
<styles/logo/msps-logo-color.png>
LaTeX Info: Redefining \. on input line 259.
LaTeX Info: Redefining \% on input line 259.
[10]
LaTeX Info: Redefining \. on input line 264.
LaTeX Info: Redefining \% on input line 264.
File: styles/logo/msps-logo-color.png Graphic file (type bmp)
<styles/logo/msps-logo-color.png>
[11]
Capítulo 2.
LaTeX Font Info:    Font shape `TU/NunitoSans_10pt-ExtraBold(0)/m/n' will be
(Font)              scaled to size 14.22574pt on input line 266.

Underfull \vbox (badness 10000) has occurred while \output is active []

File: styles/logo/msps-logo-color.png Graphic file (type bmp)
<styles/logo/msps-logo-color.png>
[12

]
LaTeX Font Info:    Font shape `TU/NunitoSans_10pt-SemiBold(0)/m/n' will be
(Font)              scaled to size 11.95111pt on input line 276.
LaTeX Info: Redefining \. on input line 288.
LaTeX Info: Redefining \% on input line 288.
File: styles/logo/msps-logo-color.png Graphic file (type bmp)
<styles/logo/msps-logo-color.png>
[13]
File: styles/logo/msps-logo-color.png Graphic file (type bmp)
<styles/logo/msps-logo-color.png>
LaTeX Info: Redefining \. on input line 301.
LaTeX Info: Redefining \% on input line 301.
[14]
LaTeX Info: Redefining \. on input line 313.
LaTeX Info: Redefining \% on input line 313.
File: styles/logo/msps-logo-color.png Graphic file (type bmp)
<styles/logo/msps-logo-color.png>
[15]
LaTeX Font Info:    Font shape `TU/NunitoSans(0)/m/n' will be
(Font)              scaled to size 14.4pt on input line 322.
File: styles/logo/msps-logo-color.png Graphic file (type bmp)
<styles/logo/msps-logo-color.png>
LaTeX Info: Redefining \. on input line 322.
LaTeX Info: Redefining \% on input line 322.
[16]
LaTeX Info: Redefining \. on input line 326.
LaTeX Info: Redefining \% on input line 326.
File: styles/logo/msps-logo-color.png Graphic file (type bmp)
<styles/logo/msps-logo-color.png>
[17]
LaTeX Font Info:    Font shape `TU/NunitoSans(0)/m/n' will be
(Font)              scaled to size 8.0pt on input line 327.

Overfull \hbox (0.10468pt too wide) in alignment at lines 335--352
 [] [] [] [] [] [] 
 []


Overfull \hbox (0.10468pt too wide) in alignment at lines 352--368
 [] [] [] [] [] [] 
 []


Overfull \hbox (0.10468pt too wide) in alignment at lines 368--370
 [] [] [] [] [] [] 
 []


Overfull \hbox (0.10468pt too wide) in alignment at lines 370--381
 [] [] [] [] [] [] 
 []

File: styles/logo/msps-logo-color.png Graphic file (type bmp)
<styles/logo/msps-logo-color.png>
LaTeX Info: Redefining \. on input line 381.
LaTeX Info: Redefining \% on input line 381.
[18

]
LaTeX Info: Redefining \. on input line 383.
LaTeX Info: Redefining \% on input line 383.
File: styles/logo/msps-logo-color.png Graphic file (type bmp)
<styles/logo/msps-logo-color.png>
[19]
File: styles/logo/msps-logo-color.png Graphic file (type bmp)
<styles/logo/msps-logo-color.png>
LaTeX Info: Redefining \. on input line 397.
LaTeX Info: Redefining \% on input line 397.
[20

]
Capítulo 3.
File: styles/logo/msps-logo-color.png Graphic file (type bmp)
<styles/logo/msps-logo-color.png>
[21

]
File: styles/logo/msps-logo-color.png Graphic file (type bmp)
<styles/logo/msps-logo-color.png>
LaTeX Info: Redefining \. on input line 434.
LaTeX Info: Redefining \% on input line 434.
[22]
Overfull \hbox (11.34535pt too wide) in paragraph at lines 441--442
[]\TU/NunitoSans(0)/m/n/10 Cobertura nacional. La desagregación geográfica específica —departamental
 []

LaTeX Info: Redefining \. on input line 451.
LaTeX Info: Redefining \% on input line 451.
File: styles/logo/msps-logo-color.png Graphic file (type bmp)
<styles/logo/msps-logo-color.png>
[23]
Capítulo 4.
File: styles/logo/msps-logo-color.png Graphic file (type bmp)
<styles/logo/msps-logo-color.png>
[24

]
LaTeX Info: Redefining \. on input line 485.
LaTeX Info: Redefining \% on input line 485.
File: styles/logo/msps-logo-color.png Graphic file (type bmp)
<styles/logo/msps-logo-color.png>
[25]
Capítulo 5.

Underfull \hbox (badness 2529) in paragraph at lines 494--495
\TU/NunitoSans(0)/m/n/10 (SGSSS) —en el régimen contributivo o subsidiado— que
 []


Underfull \hbox (badness 1275) in paragraph at lines 494--495
\TU/NunitoSans(0)/m/n/10 durante el trimestre calendario inmediatamente anterior al
 []

File: styles/logo/msps-logo-color.png Graphic file (type bmp)
<styles/logo/msps-logo-color.png>
[26

]
LaTeX Info: Redefining \. on input line 512.
LaTeX Info: Redefining \% on input line 512.
File: styles/logo/msps-logo-color.png Graphic file (type bmp)
<styles/logo/msps-logo-color.png>
[27]
Underfull \hbox (badness 3557) in paragraph at lines 517--518
[]\TU/NunitoSans(0)/m/n/10 La población elegible es el subconjunto de la población accesible
 []


Underfull \hbox (badness 1087) in paragraph at lines 517--518
\TU/NunitoSans(0)/m/n/10 (\TU/lmtt/m/n/10 01_App/ClicSalud.html\TU/NunitoSans(0)/m/n/10 ), el flujo de elegibilidad opera en tres pasos
 []

File: styles/logo/msps-logo-color.png Graphic file (type bmp)
<styles/logo/msps-logo-color.png>
LaTeX Info: Redefining \. on input line 531.
LaTeX Info: Redefining \% on input line 531.
[28]

LaTeX Warning: Reference `sec-trazabilidad' on page 29 undefined on input line 563.

LaTeX Info: Redefining \. on input line 564.
LaTeX Info: Redefining \% on input line 564.
File: styles/logo/msps-logo-color.png Graphic file (type bmp)
<styles/logo/msps-logo-color.png>
[29]
File: styles/logo/msps-logo-color.png Graphic file (type bmp)
<styles/logo/msps-logo-color.png>
LaTeX Info: Redefining \. on input line 565.
LaTeX Info: Redefining \% on input line 565.
[30]
Capítulo 6.
Missing character: There is no → (U+2192) in font [styles/fonts/nunito-sans/NunitoSans_10pt-Regular.ttf]/OT:script=latn;language=dflt;mapping=tex-text;!
Missing character: There is no → (U+2192) in font [styles/fonts/nunito-sans/NunitoSans_10pt-Regular.ttf]/OT:script=latn;language=dflt;mapping=tex-text;!
Missing character: There is no → (U+2192) in font [styles/fonts/nunito-sans/NunitoSans_10pt-Regular.ttf]/OT:script=latn;language=dflt;mapping=tex-text;!
Missing character: There is no → (U+2192) in font [styles/fonts/nunito-sans/NunitoSans_10pt-Regular.ttf]/OT:script=latn;language=dflt;mapping=tex-text;!
Missing character: There is no → (U+2192) in font [styles/fonts/nunito-sans/NunitoSans_10pt-Bold.ttf]/OT:script=latn;language=dflt;mapping=tex-text;!
Missing character: There is no → (U+2192) in font [styles/fonts/nunito-sans/NunitoSans_10pt-Bold.ttf]/OT:script=latn;language=dflt;mapping=tex-text;!
Missing character: There is no → (U+2192) in font [styles/fonts/nunito-sans/NunitoSans_10pt-Bold.ttf]/OT:script=latn;language=dflt;mapping=tex-text;!
Missing character: There is no → (U+2192) in font [styles/fonts/nunito-sans/NunitoSans_10pt-Bold.ttf]/OT:script=latn;language=dflt;mapping=tex-text;!
File: styles/logo/msps-logo-color.png Graphic file (type bmp)
<styles/logo/msps-logo-color.png>
[31

]
Overfull \hbox (8.66986pt too wide) in paragraph at lines 605--606
[]\TU/NunitoSans(0)/m/n/10 Justificación  
 []


Overfull \hbox (33.42986pt too wide) in paragraph at lines 611--611
\TU/NunitoSans(0)/m/n/10 EPS/IPS/gestores|  
 []


Overfull \hbox (0.77986pt too wide) in paragraph at lines 611--611
[]|\TU/NunitoSans(0)/m/n/10 Propuesta 
 []


Overfull \hbox (2.10986pt too wide) in paragraph at lines 611--611
\TU/NunitoSans(0)/m/n/10 Thompson 
 []


Overfull \hbox (0.77986pt too wide) in paragraph at lines 612--612
[]|\TU/NunitoSans(0)/m/n/10 Propuesta 
 []


Overfull \hbox (0.77986pt too wide) in paragraph at lines 613--613
[]|\TU/NunitoSans(0)/m/n/10 Propuesta 
 []


Overfull \hbox (4.35985pt too wide) in paragraph at lines 613--613
[]|\TU/NunitoSans(0)/m/n/10 Asignación 
 []

File: styles/logo/msps-logo-color.png Graphic file (type bmp)
<styles/logo/msps-logo-color.png>
LaTeX Info: Redefining \. on input line 614.
LaTeX Info: Redefining \% on input line 614.
[32]
LaTeX Info: Redefining \. on input line 614.
LaTeX Info: Redefining \% on input line 614.
File: styles/logo/msps-logo-color.png Graphic file (type bmp)
<styles/logo/msps-logo-color.png>
[33]
Underfull \vbox (badness 10000) has occurred while \output is active []

File: styles/logo/msps-logo-color.png Graphic file (type bmp)
<styles/logo/msps-logo-color.png>
LaTeX Info: Redefining \. on input line 618.
LaTeX Info: Redefining \% on input line 618.
[34]
LaTeX Info: Redefining \. on input line 641.
LaTeX Info: Redefining \% on input line 641.
File: styles/logo/msps-logo-color.png Graphic file (type bmp)
<styles/logo/msps-logo-color.png>
[35]
LaTeX Font Info:    Font shape `TU/NunitoSans(0)/m/n' will be
(Font)              scaled to size 7.0pt on input line 663.
LaTeX Font Info:    Font shape `TU/NunitoSans(0)/m/n' will be
(Font)              scaled to size 5.0pt on input line 663.

Overfull \hbox (8.42943pt too wide) in paragraph at lines 708--708
[]|\TU/NunitoSans(0)/m/n/10 Contributivo|  
 []


Overfull \hbox (2.63943pt too wide) in paragraph at lines 709--709
[]|\TU/NunitoSans(0)/m/n/10 Subsidiado|  
 []

File: styles/logo/msps-logo-color.png Graphic file (type bmp)
<styles/logo/msps-logo-color.png>
LaTeX Info: Redefining \. on input line 722.
LaTeX Info: Redefining \% on input line 722.
[36]
LaTeX Info: Redefining \. on input line 722.
LaTeX Info: Redefining \% on input line 722.
File: styles/logo/msps-logo-color.png Graphic file (type bmp)
<styles/logo/msps-logo-color.png>
[37]
File: styles/logo/msps-logo-color.png Graphic file (type bmp)
<styles/logo/msps-logo-color.png>
LaTeX Info: Redefining \. on input line 736.
LaTeX Info: Redefining \% on input line 736.
[38]
LaTeX Font Info:    Font shape `TU/NunitoSans(1)/m/n' will be
(Font)              scaled to size 10.0pt on input line 737.
LaTeX Font Info:    Font shape `TU/NunitoSans(1)/m/n' will be
(Font)              scaled to size 7.0pt on input line 737.
LaTeX Font Info:    Font shape `TU/NunitoSans(1)/m/n' will be
(Font)              scaled to size 5.0pt on input line 737.
Missing character: There is no ó ("F3) in font lmmi7!
Missing character: There is no ó ("F3) in font lmmi7!
LaTeX Info: Redefining \. on input line 777.
LaTeX Info: Redefining \% on input line 777.
File: styles/logo/msps-logo-color.png Graphic file (type bmp)
<styles/logo/msps-logo-color.png>
[39]
File: styles/logo/msps-logo-color.png Graphic file (type bmp)
<styles/logo/msps-logo-color.png>
LaTeX Info: Redefining \. on input line 824.
LaTeX Info: Redefining \% on input line 824.
[40]
LaTeX Info: Redefining \. on input line 838.
LaTeX Info: Redefining \% on input line 838.
File: styles/logo/msps-logo-color.png Graphic file (type bmp)
<styles/logo/msps-logo-color.png>
[41]
File: styles/logo/msps-logo-color.png Graphic file (type bmp)
<styles/logo/msps-logo-color.png>
LaTeX Info: Redefining \. on input line 839.
LaTeX Info: Redefining \% on input line 839.
[42]
Capítulo 7.
File: styles/logo/msps-logo-color.png Graphic file (type bmp)
<styles/logo/msps-logo-color.png>
[43

]
File: styles/logo/msps-logo-color.png Graphic file (type bmp)
<styles/logo/msps-logo-color.png>
LaTeX Info: Redefining \. on input line 889.
LaTeX Info: Redefining \% on input line 889.
[44]
LaTeX Info: Redefining \. on input line 892.
LaTeX Info: Redefining \% on input line 892.
File: styles/logo/msps-logo-color.png Graphic file (type bmp)
<styles/logo/msps-logo-color.png>
[45]
Capítulo 8.
File: styles/logo/msps-logo-color.png Graphic file (type bmp)
<styles/logo/msps-logo-color.png>
[46

]
LaTeX Info: Redefining \. on input line 962.
LaTeX Info: Redefining \% on input line 962.
File: styles/logo/msps-logo-color.png Graphic file (type bmp)
<styles/logo/msps-logo-color.png>
[47]
File: styles/logo/msps-logo-color.png Graphic file (type bmp)
<styles/logo/msps-logo-color.png>
LaTeX Info: Redefining \. on input line 970.
LaTeX Info: Redefining \% on input line 970.
[48]
Underfull \hbox (badness 1931) in paragraph at lines 981--982
[]\TU/NunitoSans(0)/m/n/10 La distinción entre cuota, estrato, dominio y variable de calibración
 []


Underfull \hbox (badness 4621) in paragraph at lines 981--982
\TU/NunitoSans(0)/m/n/10 —incluida la precisión de que la cuota no equivale a un estrato
 []

LaTeX Info: Redefining \. on input line 983.
LaTeX Info: Redefining \% on input line 983.
File: styles/logo/msps-logo-color.png Graphic file (type bmp)
<styles/logo/msps-logo-color.png>
[49]
Capítulo 9.
File: styles/logo/msps-logo-color.png Graphic file (type bmp)
<styles/logo/msps-logo-color.png>
[50

]
Overfull \hbox (3.5609pt too wide) in paragraph at lines 1027--1027
[]|\TU/NunitoSans(0)/m/n/10 Autorreporte, 
 []


Overfull \hbox (4.1009pt too wide) in paragraph at lines 1027--1027
[]|\TU/NunitoSans(0)/m/n/10 Identificación, 
 []


Overfull \hbox (2.34091pt too wide) in paragraph at lines 1028--1028
[]|\TU/NunitoSans(0)/m/n/10 Autorreporte 
 []


Overfull \hbox (4.1009pt too wide) in paragraph at lines 1028--1028
[]|\TU/NunitoSans(0)/m/n/10 Identificación, 
 []


Overfull \hbox (2.8809pt too wide) in paragraph at lines 1028--1029
[]|\TU/NunitoSans(0)/m/n/10 Identificación 
 []


Overfull \hbox (2.34091pt too wide) in paragraph at lines 1029--1029
[]|\TU/NunitoSans(0)/m/n/10 Autorreporte 
 []


Overfull \hbox (3.5609pt too wide) in paragraph at lines 1030--1030
[]|\TU/NunitoSans(0)/m/n/10 Autorreporte, 
 []


Overfull \hbox (2.34091pt too wide) in paragraph at lines 1031--1031
[]|\TU/NunitoSans(0)/m/n/10 Autorreporte 
 []


Overfull \hbox (2.34091pt too wide) in paragraph at lines 1032--1032
[]|\TU/NunitoSans(0)/m/n/10 Autorreporte 
 []


Overfull \hbox (2.34091pt too wide) in paragraph at lines 1033--1033
[]|\TU/NunitoSans(0)/m/n/10 Autorreporte 
 []


Overfull \hbox (2.34091pt too wide) in paragraph at lines 1034--1034
[]|\TU/NunitoSans(0)/m/n/10 Autorreporte|  
 []


Overfull \hbox (2.34091pt too wide) in paragraph at lines 1035--1035
[]|\TU/NunitoSans(0)/m/n/10 Autorreporte|  
 []

LaTeX Info: Redefining \. on input line 1036.
LaTeX Info: Redefining \% on input line 1036.
File: styles/logo/msps-logo-color.png Graphic file (type bmp)
<styles/logo/msps-logo-color.png>
[51]
Underfull \vbox (badness 10000) has occurred while \output is active []

File: styles/logo/msps-logo-color.png Graphic file (type bmp)
<styles/logo/msps-logo-color.png>
LaTeX Info: Redefining \. on input line 1042.
LaTeX Info: Redefining \% on input line 1042.
[52]
LaTeX Info: Redefining \. on input line 1047.
LaTeX Info: Redefining \% on input line 1047.
File: styles/logo/msps-logo-color.png Graphic file (type bmp)
<styles/logo/msps-logo-color.png>
[53]
Capítulo 10.
Missing character: There is no → (U+2192) in font [styles/fonts/nunito-sans/NunitoSans_10pt-ExtraBold.ttf]/OT:script=latn;language=dflt;!
Missing character: There is no → (U+2192) in font [styles/fonts/nunito-sans/NunitoSans_10pt-ExtraBold.ttf]/OT:script=latn;language=dflt;!
Missing character: There is no → (U+2192) in font [styles/fonts/nunito-sans/NunitoSans_10pt-ExtraBold.ttf]/OT:script=latn;language=dflt;!

Overfull \hbox (11.93431pt too wide) in paragraph at lines 1070--1071
[]\TU/NunitoSans(0)/m/n/10 Observación  
 []


Overfull \hbox (29.79431pt too wide) in paragraph at lines 1082--1082
\TU/NunitoSans(0)/m/n/10 (EPS/IPS/gestor)|  
 []

File: styles/logo/msps-logo-color.png Graphic file (type bmp)
<styles/logo/msps-logo-color.png>
[54

]
LaTeX Info: Redefining \. on input line 1084.
LaTeX Info: Redefining \% on input line 1084.
File: styles/logo/msps-logo-color.png Graphic file (type bmp)
<styles/logo/msps-logo-color.png>
[55]
File: styles/logo/msps-logo-color.png Graphic file (type bmp)
<styles/logo/msps-logo-color.png>
LaTeX Info: Redefining \. on input line 1110.
LaTeX Info: Redefining \% on input line 1110.
[56]
Missing character: There is no → (U+2192) in font [styles/fonts/nunito-sans/NunitoSans_10pt-Regular.ttf]/OT:script=latn;language=dflt;mapping=tex-text;!
Missing character: There is no → (U+2192) in font [styles/fonts/nunito-sans/NunitoSans_10pt-Regular.ttf]/OT:script=latn;language=dflt;mapping=tex-text;!
Missing character: There is no → (U+2192) in font [styles/fonts/nunito-sans/NunitoSans_10pt-Regular.ttf]/OT:script=latn;language=dflt;mapping=tex-text;!
Missing character: There is no → (U+2192) in font [styles/fonts/nunito-sans/NunitoSans_10pt-Regular.ttf]/OT:script=latn;language=dflt;mapping=tex-text;!
Missing character: There is no → (U+2192) in font [styles/fonts/nunito-sans/NunitoSans_10pt-Regular.ttf]/OT:script=latn;language=dflt;mapping=tex-text;!
Missing character: There is no → (U+2192) in font [styles/fonts/nunito-sans/NunitoSans_10pt-Regular.ttf]/OT:script=latn;language=dflt;mapping=tex-text;!
Missing character: There is no → (U+2192) in font [styles/fonts/nunito-sans/NunitoSans_10pt-Regular.ttf]/OT:script=latn;language=dflt;mapping=tex-text;!
LaTeX Info: Redefining \. on input line 1118.
LaTeX Info: Redefining \% on input line 1118.
File: styles/logo/msps-logo-color.png Graphic file (type bmp)
<styles/logo/msps-logo-color.png>
[57]
Capítulo 11.
File: styles/logo/msps-logo-color.png Graphic file (type bmp)
<styles/logo/msps-logo-color.png>
[58

]
Underfull \hbox (badness 1237) in paragraph at lines 1149--1149
|[]\TU/NunitoSans_10pt-ExtraBold(0)/m/n/14.4 Persistencia de sesión y tratamiento de
 []

LaTeX Info: Redefining \. on input line 1152.
LaTeX Info: Redefining \% on input line 1152.
File: styles/logo/msps-logo-color.png Graphic file (type bmp)
<styles/logo/msps-logo-color.png>
[59]
File: styles/logo/msps-logo-color.png Graphic file (type bmp)
<styles/logo/msps-logo-color.png>
LaTeX Info: Redefining \. on input line 1157.
LaTeX Info: Redefining \% on input line 1157.
[60]
Capítulo 12.

Underfull \hbox (badness 3724) in paragraph at lines 1157--1157
|\TU/NunitoSans_10pt-ExtraBold(0)/m/n/24.88 Limitaciones del muestreo
 []

File: styles/logo/msps-logo-color.png Graphic file (type bmp)
<styles/logo/msps-logo-color.png>
[61

]
File: styles/logo/msps-logo-color.png Graphic file (type bmp)
<styles/logo/msps-logo-color.png>
LaTeX Info: Redefining \. on input line 1176.
LaTeX Info: Redefining \% on input line 1176.
[62]
Underfull \vbox (badness 2591) has occurred while \output is active []

LaTeX Info: Redefining \. on input line 1188.
LaTeX Info: Redefining \% on input line 1188.
File: styles/logo/msps-logo-color.png Graphic file (type bmp)
<styles/logo/msps-logo-color.png>
[63]
File: styles/logo/msps-logo-color.png Graphic file (type bmp)
<styles/logo/msps-logo-color.png>
LaTeX Info: Redefining \. on input line 1214.
LaTeX Info: Redefining \% on input line 1214.
[64]
LaTeX Info: Redefining \. on input line 1217.
LaTeX Info: Redefining \% on input line 1217.
File: styles/logo/msps-logo-color.png Graphic file (type bmp)
<styles/logo/msps-logo-color.png>
[65]
Capítulo 13.
File: styles/logo/msps-logo-color.png Graphic file (type bmp)
<styles/logo/msps-logo-color.png>
[66

]
LaTeX Info: Redefining \. on input line 1258.
LaTeX Info: Redefining \% on input line 1258.
File: styles/logo/msps-logo-color.png Graphic file (type bmp)
<styles/logo/msps-logo-color.png>
[67]
File: ENUS_2026_metodoloia_files/figuras/fig-clicsalud-01-publicidad.png Graphic file (type bmp)
<ENUS_2026_metodoloia_files/figuras/fig-clicsalud-01-publicidad.png>

Underfull \vbox (badness 10000) has occurred while \output is active []

File: styles/logo/msps-logo-color.png Graphic file (type bmp)
<styles/logo/msps-logo-color.png>
LaTeX Info: Redefining \. on input line 1272.
LaTeX Info: Redefining \% on input line 1272.
[68]
File: ENUS_2026_metodoloia_files/figuras/fig-clicsalud-02-identificacion.png Graphic file (type bmp)
<ENUS_2026_metodoloia_files/figuras/fig-clicsalud-02-identificacion.png>

Underfull \vbox (badness 10000) has occurred while \output is active []

LaTeX Info: Redefining \. on input line 1282.
LaTeX Info: Redefining \% on input line 1282.
File: styles/logo/msps-logo-color.png Graphic file (type bmp)
<styles/logo/msps-logo-color.png>
[69]
File: ENUS_2026_metodoloia_files/figuras/fig-clicsalud-03-codigo-sms.png Graphic file (type bmp)
<ENUS_2026_metodoloia_files/figuras/fig-clicsalud-03-codigo-sms.png>

Underfull \vbox (badness 10000) has occurred while \output is active []

File: styles/logo/msps-logo-color.png Graphic file (type bmp)
<styles/logo/msps-logo-color.png>
LaTeX Info: Redefining \. on input line 1292.
LaTeX Info: Redefining \% on input line 1292.
[70]
File: ENUS_2026_metodoloia_files/figuras/fig-clicsalud-04-verificacion-bdua.png Graphic file (type bmp)
<ENUS_2026_metodoloia_files/figuras/fig-clicsalud-04-verificacion-bdua.png>

Underfull \vbox (badness 10000) has occurred while \output is active []

LaTeX Info: Redefining \. on input line 1302.
LaTeX Info: Redefining \% on input line 1302.
File: styles/logo/msps-logo-color.png Graphic file (type bmp)
<styles/logo/msps-logo-color.png>
[71]
File: ENUS_2026_metodoloia_files/figuras/fig-clicsalud-05-inicio.png Graphic file (type bmp)
<ENUS_2026_metodoloia_files/figuras/fig-clicsalud-05-inicio.png>

Underfull \vbox (badness 10000) has occurred while \output is active []

File: styles/logo/msps-logo-color.png Graphic file (type bmp)
<styles/logo/msps-logo-color.png>
LaTeX Info: Redefining \. on input line 1312.
LaTeX Info: Redefining \% on input line 1312.
[72]
File: ENUS_2026_metodoloia_files/figuras/fig-clicsalud-08-tab-derechos.png Graphic file (type bmp)
<ENUS_2026_metodoloia_files/figuras/fig-clicsalud-08-tab-derechos.png>

Underfull \vbox (badness 10000) has occurred while \output is active []

LaTeX Info: Redefining \. on input line 1322.
LaTeX Info: Redefining \% on input line 1322.
File: styles/logo/msps-logo-color.png Graphic file (type bmp)
<styles/logo/msps-logo-color.png>
[73]
File: ENUS_2026_metodoloia_files/figuras/fig-clicsalud-09-tab-desempeno.png Graphic file (type bmp)
<ENUS_2026_metodoloia_files/figuras/fig-clicsalud-09-tab-desempeno.png>

Underfull \vbox (badness 10000) has occurred while \output is active []

File: styles/logo/msps-logo-color.png Graphic file (type bmp)
<styles/logo/msps-logo-color.png>
LaTeX Info: Redefining \. on input line 1332.
LaTeX Info: Redefining \% on input line 1332.
[74]
File: ENUS_2026_metodoloia_files/figuras/fig-clicsalud-10-tab-normas.png Graphic file (type bmp)
<ENUS_2026_metodoloia_files/figuras/fig-clicsalud-10-tab-normas.png>

Underfull \vbox (badness 10000) has occurred while \output is active []

LaTeX Info: Redefining \. on input line 1342.
LaTeX Info: Redefining \% on input line 1342.
File: styles/logo/msps-logo-color.png Graphic file (type bmp)
<styles/logo/msps-logo-color.png>
[75]
File: ENUS_2026_metodoloia_files/figuras/fig-clicsalud-06-modulo-encuesta.png Graphic file (type bmp)
<ENUS_2026_metodoloia_files/figuras/fig-clicsalud-06-modulo-encuesta.png>

Underfull \vbox (badness 10000) has occurred while \output is active []

File: styles/logo/msps-logo-color.png Graphic file (type bmp)
<styles/logo/msps-logo-color.png>
LaTeX Info: Redefining \. on input line 1352.
LaTeX Info: Redefining \% on input line 1352.
[76]
LaTeX Info: Redefining \. on input line 1369.
LaTeX Info: Redefining \% on input line 1369.
File: styles/logo/msps-logo-color.png Graphic file (type bmp)
<styles/logo/msps-logo-color.png>
[77]
File: ENUS_2026_metodoloia_files/figuras/fig-clicsalud-07-pregunta-ejemplo.png Graphic file (type bmp)
<ENUS_2026_metodoloia_files/figuras/fig-clicsalud-07-pregunta-ejemplo.png>
File: ENUS_2026_metodoloia_files/figuras/fig-clicsalud-11-trazadora-ejemplo.png Graphic file (type bmp)
<ENUS_2026_metodoloia_files/figuras/fig-clicsalud-11-trazadora-ejemplo.png>

Underfull \vbox (badness 10000) has occurred while \output is active []

File: styles/logo/msps-logo-color.png Graphic file (type bmp)
<styles/logo/msps-logo-color.png>
LaTeX Info: Redefining \. on input line 1387.
LaTeX Info: Redefining \% on input line 1387.
[78]
File: ENUS_2026_metodoloia_files/figuras/fig-clicsalud-12-modulo-forma-a.png Graphic file (type bmp)
<ENUS_2026_metodoloia_files/figuras/fig-clicsalud-12-modulo-forma-a.png>

Underfull \vbox (badness 10000) has occurred while \output is active []

LaTeX Info: Redefining \. on input line 1397.
LaTeX Info: Redefining \% on input line 1397.
File: styles/logo/msps-logo-color.png Graphic file (type bmp)
<styles/logo/msps-logo-color.png>
[79]
Underfull \vbox (badness 3291) has occurred while \output is active []

File: styles/logo/msps-logo-color.png Graphic file (type bmp)
<styles/logo/msps-logo-color.png>
LaTeX Info: Redefining \. on input line 1403.
LaTeX Info: Redefining \% on input line 1403.
[80]
LaTeX Info: Redefining \. on input line 1412.
LaTeX Info: Redefining \% on input line 1412.
File: styles/logo/msps-logo-color.png Graphic file (type bmp)
<styles/logo/msps-logo-color.png>
[81]
Capítulo 14.
File: ENUS_2026_metodoloia_files/figuras/fig-arbol-general.png Graphic file (type bmp)
<ENUS_2026_metodoloia_files/figuras/fig-arbol-general.png>

Underfull \vbox (badness 10000) has occurred while \output is active []

File: styles/logo/msps-logo-color.png Graphic file (type bmp)
<styles/logo/msps-logo-color.png>
[82

]
Overfull \hbox (3.6009pt too wide) in paragraph at lines 1454--1454
[]|\TU/lmtt/m/n/10 departamento|  
 []

LaTeX Info: Redefining \. on input line 1457.
LaTeX Info: Redefining \% on input line 1457.
File: styles/logo/msps-logo-color.png Graphic file (type bmp)
<styles/logo/msps-logo-color.png>
[83]
Missing character: There is no → (U+2192) in font [styles/fonts/nunito-sans/NunitoSans_10pt-Regular.ttf]/OT:script=latn;language=dflt;mapping=tex-text;!
Missing character: There is no → (U+2192) in font [styles/fonts/nunito-sans/NunitoSans_10pt-Regular.ttf]/OT:script=latn;language=dflt;mapping=tex-text;!

Overfull \hbox (14.1009pt too wide) in paragraph at lines 1520--1520
[]|\TU/lmtt/m/n/10 entidad_gestor|  
 []


Overfull \hbox (3.6009pt too wide) in paragraph at lines 1521--1521
[]|\TU/lmtt/m/n/10 servicio_eps|  
 []


Overfull \hbox (0.5809pt too wide) in paragraph at lines 1521--1521
[]|\TU/NunitoSans(0)/m/n/10 Ambulatorio, 
 []


Overfull \hbox (3.6009pt too wide) in paragraph at lines 1522--1522
[]|\TU/lmtt/m/n/10 servicio_ips|  
 []


Overfull \hbox (0.5809pt too wide) in paragraph at lines 1522--1522
[]|\TU/NunitoSans(0)/m/n/10 Ambulatorio, 
 []


Overfull \hbox (19.3509pt too wide) in paragraph at lines 1523--1523
[]|\TU/lmtt/m/n/10 servicio_gestor|  
 []


Overfull \hbox (10.4809pt too wide) in paragraph at lines 1523--1523
[]|\TU/NunitoSans(0)/m/n/10 Medicamentos, 
 []

File: styles/logo/msps-logo-color.png Graphic file (type bmp)
<styles/logo/msps-logo-color.png>
LaTeX Info: Redefining \. on input line 1524.
LaTeX Info: Redefining \% on input line 1524.
[84]
LaTeX Info: Redefining \. on input line 1547.
LaTeX Info: Redefining \% on input line 1547.
File: styles/logo/msps-logo-color.png Graphic file (type bmp)
<styles/logo/msps-logo-color.png>
[85]
Overfull \hbox (9.31091pt too wide) in paragraph at lines 1587--1587
[]|\TU/NunitoSans(0)/m/n/10 Medicamentos|  
 []


Overfull \hbox (4.5509pt too wide) in paragraph at lines 1588--1589
[]|\TU/NunitoSans(0)/m/n/10 Enrutamiento 
 []

File: styles/logo/msps-logo-color.png Graphic file (type bmp)
<styles/logo/msps-logo-color.png>
LaTeX Info: Redefining \. on input line 1589.
LaTeX Info: Redefining \% on input line 1589.
[86]
Underfull \vbox (badness 10000) has occurred while \output is active []

LaTeX Info: Redefining \. on input line 1595.
LaTeX Info: Redefining \% on input line 1595.
File: styles/logo/msps-logo-color.png Graphic file (type bmp)
<styles/logo/msps-logo-color.png>
[87]
Overfull \hbox (1.0725pt too wide) in paragraph at lines 1607--1608
[]\TU/NunitoSans(0)/m/n/10 Condiciones  
 []

Missing character: There is no → (U+2192) in font [styles/fonts/nunito-sans/NunitoSans_10pt-Regular.ttf]/OT:script=latn;language=dflt;mapping=tex-text;!
Missing character: There is no → (U+2192) in font [styles/fonts/nunito-sans/NunitoSans_10pt-Regular.ttf]/OT:script=latn;language=dflt;mapping=tex-text;!
Missing character: There is no → (U+2192) in font [styles/fonts/nunito-sans/NunitoSans_10pt-Regular.ttf]/OT:script=latn;language=dflt;mapping=tex-text;!
Missing character: There is no → (U+2192) in font [styles/fonts/nunito-sans/NunitoSans_10pt-Regular.ttf]/OT:script=latn;language=dflt;mapping=tex-text;!
Missing character: There is no → (U+2192) in font [styles/fonts/nunito-sans/NunitoSans_10pt-Regular.ttf]/OT:script=latn;language=dflt;mapping=tex-text;!
Missing character: There is no → (U+2192) in font [styles/fonts/nunito-sans/NunitoSans_10pt-Regular.ttf]/OT:script=latn;language=dflt;mapping=tex-text;!
Missing character: There is no → (U+2192) in font [styles/fonts/nunito-sans/NunitoSans_10pt-Regular.ttf]/OT:script=latn;language=dflt;mapping=tex-text;!
Missing character: There is no → (U+2192) in font [styles/fonts/nunito-sans/NunitoSans_10pt-Regular.ttf]/OT:script=latn;language=dflt;mapping=tex-text;!
Missing character: There is no → (U+2192) in font [styles/fonts/nunito-sans/NunitoSans_10pt-Regular.ttf]/OT:script=latn;language=dflt;mapping=tex-text;!
Missing character: There is no → (U+2192) in font [styles/fonts/nunito-sans/NunitoSans_10pt-Regular.ttf]/OT:script=latn;language=dflt;mapping=tex-text;!
Missing character: There is no → (U+2192) in font [styles/fonts/nunito-sans/NunitoSans_10pt-Regular.ttf]/OT:script=latn;language=dflt;mapping=tex-text;!
Missing character: There is no → (U+2192) in font [styles/fonts/nunito-sans/NunitoSans_10pt-Regular.ttf]/OT:script=latn;language=dflt;mapping=tex-text;!
Missing character: There is no → (U+2192) in font [styles/fonts/nunito-sans/NunitoSans_10pt-Regular.ttf]/OT:script=latn;language=dflt;mapping=tex-text;!
Missing character: There is no → (U+2192) in font [styles/fonts/nunito-sans/NunitoSans_10pt-Regular.ttf]/OT:script=latn;language=dflt;mapping=tex-text;!
Missing character: There is no → (U+2192) in font [styles/fonts/nunito-sans/NunitoSans_10pt-Regular.ttf]/OT:script=latn;language=dflt;mapping=tex-text;!
Missing character: There is no → (U+2192) in font [styles/fonts/nunito-sans/NunitoSans_10pt-Regular.ttf]/OT:script=latn;language=dflt;mapping=tex-text;!
Missing character: There is no → (U+2192) in font [styles/fonts/nunito-sans/NunitoSans_10pt-Regular.ttf]/OT:script=latn;language=dflt;mapping=tex-text;!
Missing character: There is no → (U+2192) in font [styles/fonts/nunito-sans/NunitoSans_10pt-Regular.ttf]/OT:script=latn;language=dflt;mapping=tex-text;!
Missing character: There is no → (U+2192) in font [styles/fonts/nunito-sans/NunitoSans_10pt-Regular.ttf]/OT:script=latn;language=dflt;mapping=tex-text;!
Missing character: There is no → (U+2192) in font [styles/fonts/nunito-sans/NunitoSans_10pt-Regular.ttf]/OT:script=latn;language=dflt;mapping=tex-text;!
Missing character: There is no → (U+2192) in font [styles/fonts/nunito-sans/NunitoSans_10pt-Regular.ttf]/OT:script=latn;language=dflt;mapping=tex-text;!
Missing character: There is no → (U+2192) in font [styles/fonts/nunito-sans/NunitoSans_10pt-Regular.ttf]/OT:script=latn;language=dflt;mapping=tex-text;!
Missing character: There is no → (U+2192) in font [styles/fonts/nunito-sans/NunitoSans_10pt-Regular.ttf]/OT:script=latn;language=dflt;mapping=tex-text;!
Missing character: There is no → (U+2192) in font [styles/fonts/nunito-sans/NunitoSans_10pt-Regular.ttf]/OT:script=latn;language=dflt;mapping=tex-text;!
Missing character: There is no → (U+2192) in font [styles/fonts/nunito-sans/NunitoSans_10pt-Regular.ttf]/OT:script=latn;language=dflt;mapping=tex-text;!
File: styles/logo/msps-logo-color.png Graphic file (type bmp)
<styles/logo/msps-logo-color.png>
LaTeX Info: Redefining \. on input line 1628.
LaTeX Info: Redefining \% on input line 1628.
[88]
LaTeX Info: Redefining \. on input line 1636.
LaTeX Info: Redefining \% on input line 1636.
File: styles/logo/msps-logo-color.png Graphic file (type bmp)
<styles/logo/msps-logo-color.png>
[89]
File: styles/logo/msps-logo-color.png Graphic file (type bmp)
<styles/logo/msps-logo-color.png>
LaTeX Info: Redefining \. on input line 1637.
LaTeX Info: Redefining \% on input line 1637.
[90]
Capítulo 15.

Underfull \hbox (badness 1005) in paragraph at lines 1637--1637
|\TU/NunitoSans_10pt-ExtraBold(0)/m/n/24.88 Reconciliación de estructu-
 []

LaTeX Font Info:    Font shape `TU/NunitoSans(0)/b/it' will be
(Font)              scaled to size 10.0pt on input line 1648.
File: styles/logo/msps-logo-color.png Graphic file (type bmp)
<styles/logo/msps-logo-color.png>
[91

]
Overfull \hbox (8.64986pt too wide) in paragraph at lines 1673--1674
[]\TU/NunitoSans(0)/m/n/10 Formularios 
 []


Overfull \hbox (31.80986pt too wide) in paragraph at lines 1675--1676
[]\TU/NunitoSans(0)/m/n/10 Correspondencia  
 []


Overfull \hbox (1.17986pt too wide) in paragraph at lines 1683--1684
[]|\TU/NunitoSans(0)/m/n/10 Coherente 
 []


Overfull \hbox (0.97986pt too wide) in paragraph at lines 1684--1684
[]|\TU/NunitoSans(0)/m/n/10 Preguntas 
 []


Overfull \hbox (1.17986pt too wide) in paragraph at lines 1684--1685
[]|\TU/NunitoSans(0)/m/n/10 Coherente 
 []


Overfull \hbox (5.69986pt too wide) in paragraph at lines 1685--1685
[]|\TU/NunitoSans(0)/m/n/10 Mecanismo 
 []

Missing character: There is no → (U+2192) in font [styles/fonts/nunito-sans/NunitoSans_10pt-Regular.ttf]/OT:script=latn;language=dflt;mapping=tex-text;!
Missing character: There is no → (U+2192) in font [styles/fonts/nunito-sans/NunitoSans_10pt-Regular.ttf]/OT:script=latn;language=dflt;mapping=tex-text;!

Overfull \hbox (16.43985pt too wide) in paragraph at lines 1685--1685
[]|\TU/NunitoSans(0)/m/n/10 Enrutamiento 
 []


Overfull \hbox (28.45985pt too wide) in paragraph at lines 1685--1685
\TU/NunitoSans(0)/m/n/10 treo/asignación), 
 []


Overfull \hbox (9.05986pt too wide) in paragraph at lines 1686--1687
[]|\TU/NunitoSans(0)/b/n/10 Confirmado 
 []


Overfull \hbox (18.59985pt too wide) in paragraph at lines 1687--1687
[]|\TU/NunitoSans(0)/m/n/10 Documentado 
 []

File: styles/logo/msps-logo-color.png Graphic file (type bmp)
<styles/logo/msps-logo-color.png>
LaTeX Info: Redefining \. on input line 1688.
LaTeX Info: Redefining \% on input line 1688.
[92]
Overfull \vbox (88.277pt too high) has occurred while \output is active []

LaTeX Info: Redefining \. on input line 1688.
LaTeX Info: Redefining \% on input line 1688.
File: styles/logo/msps-logo-color.png Graphic file (type bmp)
<styles/logo/msps-logo-color.png>
[93]
Overfull \vbox (496.277pt too high) has occurred while \output is active []

File: styles/logo/msps-logo-color.png Graphic file (type bmp)
<styles/logo/msps-logo-color.png>
LaTeX Info: Redefining \. on input line 1688.
LaTeX Info: Redefining \% on input line 1688.
[94]
LaTeX Info: Redefining \. on input line 1688.
LaTeX Info: Redefining \% on input line 1688.
File: styles/logo/msps-logo-color.png Graphic file (type bmp)
<styles/logo/msps-logo-color.png>
[95]
Underfull \vbox (badness 10000) has occurred while \output is active []

File: styles/logo/msps-logo-color.png Graphic file (type bmp)
<styles/logo/msps-logo-color.png>
LaTeX Info: Redefining \. on input line 1691.
LaTeX Info: Redefining \% on input line 1691.
[96]
LaTeX Info: Redefining \. on input line 1709.
LaTeX Info: Redefining \% on input line 1709.
File: styles/logo/msps-logo-color.png Graphic file (type bmp)
<styles/logo/msps-logo-color.png>
[97]
Capítulo 16.

Underfull \hbox (badness 6078) in paragraph at lines 1720--1722
[]\TU/NunitoSans(0)/b/n/10 Dominio cerrado. \TU/NunitoSans(0)/m/n/10 Variables categóricas cuyo valor debe per-
 []


Underfull \hbox (badness 5548) in paragraph at lines 1720--1722
\TU/NunitoSans(0)/m/n/10 tenecer a un conjunto fijo de categorías (por ejemplo, sexo:
 []


Underfull \hbox (badness 10000) in paragraph at lines 1720--1722
\TU/NunitoSans(0)/m/n/10 Femenino/Masculino; zona: Urbano/Rural; régimen: Contributi-
 []

File: styles/logo/msps-logo-color.png Graphic file (type bmp)
<styles/logo/msps-logo-color.png>
[98

]
Missing character: There is no → (U+2192) in font [styles/fonts/nunito-sans/NunitoSans_10pt-Regular.ttf]/OT:script=latn;language=dflt;mapping=tex-text;!
Missing character: There is no → (U+2192) in font [styles/fonts/nunito-sans/NunitoSans_10pt-Regular.ttf]/OT:script=latn;language=dflt;mapping=tex-text;!
LaTeX Info: Redefining \. on input line 1739.
LaTeX Info: Redefining \% on input line 1739.
File: styles/logo/msps-logo-color.png Graphic file (type bmp)
<styles/logo/msps-logo-color.png>
[99]
File: styles/logo/msps-logo-color.png Graphic file (type bmp)
<styles/logo/msps-logo-color.png>
LaTeX Info: Redefining \. on input line 1750.
LaTeX Info: Redefining \% on input line 1750.
[100]
LaTeX Info: Redefining \. on input line 1765.
LaTeX Info: Redefining \% on input line 1765.
File: styles/logo/msps-logo-color.png Graphic file (type bmp)
<styles/logo/msps-logo-color.png>
[101]
Capítulo 17.
File: styles/logo/msps-logo-color.png Graphic file (type bmp)
<styles/logo/msps-logo-color.png>
[102

]
LaTeX Font Info:    Font shape `TU/NunitoSans(1)/b/n' will be
(Font)              scaled to size 9.91898pt on input line 1786.
LaTeX Font Info:    Font shape `TU/NunitoSans(1)/b/n' will be
(Font)              scaled to size 6.94328pt on input line 1786.
LaTeX Font Info:    Font shape `TU/NunitoSans(1)/b/n' will be
(Font)              scaled to size 4.95949pt on input line 1786.
LaTeX Font Info:    Font shape `TU/latinmodern-math.otf(1)/b/n' will be
(Font)              scaled to size 11.36887pt on input line 1815.
LaTeX Font Info:    Font shape `TU/latinmodern-math.otf(1)/b/n' will be
(Font)              scaled to size 7.9582pt on input line 1815.
LaTeX Font Info:    Font shape `TU/latinmodern-math.otf(1)/b/n' will be
(Font)              scaled to size 5.68443pt on input line 1815.
LaTeX Font Info:    Font shape `TU/latinmodern-math.otf(2)/b/n' will be
(Font)              scaled to size 11.36993pt on input line 1815.
LaTeX Font Info:    Font shape `TU/latinmodern-math.otf(2)/b/n' will be
(Font)              scaled to size 7.95895pt on input line 1815.
LaTeX Font Info:    Font shape `TU/latinmodern-math.otf(2)/b/n' will be
(Font)              scaled to size 5.68497pt on input line 1815.
LaTeX Font Info:    Font shape `TU/latinmodern-math.otf(3)/b/n' will be
(Font)              scaled to size 11.3678pt on input line 1815.
LaTeX Font Info:    Font shape `TU/latinmodern-math.otf(3)/b/n' will be
(Font)              scaled to size 7.95746pt on input line 1815.
LaTeX Font Info:    Font shape `TU/latinmodern-math.otf(3)/b/n' will be
(Font)              scaled to size 5.6839pt on input line 1815.
LaTeX Info: Redefining \. on input line 1825.
LaTeX Info: Redefining \% on input line 1825.
File: styles/logo/msps-logo-color.png Graphic file (type bmp)
<styles/logo/msps-logo-color.png>
[103]
File: styles/logo/msps-logo-color.png Graphic file (type bmp)
<styles/logo/msps-logo-color.png>
LaTeX Info: Redefining \. on input line 1857.
LaTeX Info: Redefining \% on input line 1857.
[104]
Underfull \hbox (badness 3417) in paragraph at lines 1881--1881
|[]\TU/NunitoSans_10pt-ExtraBold(0)/m/n/14.4 Procedimiento de estimación: algoritmo
 []

LaTeX Info: Redefining \. on input line 1898.
LaTeX Info: Redefining \% on input line 1898.
File: styles/logo/msps-logo-color.png Graphic file (type bmp)
<styles/logo/msps-logo-color.png>
[105]

LaTeX Warning: Reference `sec-distincion-cuotas-calibracion' on page 106 undefined on input line 1950.

File: styles/logo/msps-logo-color.png Graphic file (type bmp)
<styles/logo/msps-logo-color.png>
LaTeX Info: Redefining \. on input line 1951.
LaTeX Info: Redefining \% on input line 1951.
[106]
Overfull \hbox (42.88268pt too wide) in alignment at lines 1957--1961
 [] [] [] [] 
 []


Overfull \hbox (42.88268pt too wide) in alignment at lines 1961--1963
 [] [] [] [] 
 []


Overfull \hbox (42.88268pt too wide) in alignment at lines 1963--1983
 [] [] [] [] 
 []

LaTeX Info: Redefining \. on input line 1988.
LaTeX Info: Redefining \% on input line 1988.
File: styles/logo/msps-logo-color.png Graphic file (type bmp)
<styles/logo/msps-logo-color.png>
[107]
Underfull \hbox (badness 1748) in paragraph at lines 2001--2002
\TU/NunitoSans(0)/m/n/10 distinta de la BDUA nacional para “usuarios del módulo $[]$”—.
 []

File: styles/logo/msps-logo-color.png Graphic file (type bmp)
<styles/logo/msps-logo-color.png>
LaTeX Info: Redefining \. on input line 2002.
LaTeX Info: Redefining \% on input line 2002.
[108]
Overfull \hbox (14.06104pt too wide) detected at line 2012
[] [] [][] []  []  []  [] [][] [][] [] [][] [] [] [][] [] [] []
 []


LaTeX Warning: Reference `sec-distincion-cuotas-calibracion' on page 109 undefined on input line 2022.

LaTeX Info: Redefining \. on input line 2023.
LaTeX Info: Redefining \% on input line 2023.
File: styles/logo/msps-logo-color.png Graphic file (type bmp)
<styles/logo/msps-logo-color.png>
[109]

LaTeX Warning: Reference `sec-distincion-cuotas-calibracion' on page 110 undefined on input line 2038.

File: styles/logo/msps-logo-color.png Graphic file (type bmp)
<styles/logo/msps-logo-color.png>
LaTeX Info: Redefining \. on input line 2040.
LaTeX Info: Redefining \% on input line 2040.
[110]
LaTeX Info: Redefining \. on input line 2082.
LaTeX Info: Redefining \% on input line 2082.
File: styles/logo/msps-logo-color.png Graphic file (type bmp)
<styles/logo/msps-logo-color.png>
[111]
File: styles/logo/msps-logo-color.png Graphic file (type bmp)
<styles/logo/msps-logo-color.png>
LaTeX Info: Redefining \. on input line 2100.
LaTeX Info: Redefining \% on input line 2100.
[112]
Capítulo 18.
File: styles/logo/msps-logo-color.png Graphic file (type bmp)
<styles/logo/msps-logo-color.png>
[113

]
LaTeX Font Info:    Font shape `TU/latinmodern-math.otf(1)/m/n' will be
(Font)              scaled to size 16.37115pt on input line 2128.
LaTeX Font Info:    Font shape `TU/NunitoSans(1)/m/n' will be
(Font)              scaled to size 14.4pt on input line 2128.
LaTeX Font Info:    Font shape `TU/latinmodern-math.otf(2)/m/n' will be
(Font)              scaled to size 16.3727pt on input line 2128.
LaTeX Font Info:    Font shape `TU/latinmodern-math.otf(3)/m/n' will be
(Font)              scaled to size 16.36961pt on input line 2128.
LaTeX Font Info:    Font shape `TU/NunitoSans(1)/b/n' will be
(Font)              scaled to size 14.28331pt on input line 2128.
File: styles/logo/msps-logo-color.png Graphic file (type bmp)
<styles/logo/msps-logo-color.png>
LaTeX Info: Redefining \. on input line 2131.
LaTeX Info: Redefining \% on input line 2131.
[114]
LaTeX Info: Redefining \. on input line 2159.
LaTeX Info: Redefining \% on input line 2159.
File: styles/logo/msps-logo-color.png Graphic file (type bmp)
<styles/logo/msps-logo-color.png>
[115]

LaTeX Warning: Reference `sec-calidad-estadistica' on page 116 undefined on input line 2165.

File: styles/logo/msps-logo-color.png Graphic file (type bmp)
<styles/logo/msps-logo-color.png>
LaTeX Info: Redefining \. on input line 2167.
LaTeX Info: Redefining \% on input line 2167.
[116]
Capítulo 19.
File: styles/logo/msps-logo-color.png Graphic file (type bmp)
<styles/logo/msps-logo-color.png>
[117

]
File: styles/logo/msps-logo-color.png Graphic file (type bmp)
<styles/logo/msps-logo-color.png>
LaTeX Info: Redefining \. on input line 2199.
LaTeX Info: Redefining \% on input line 2199.
[118]
LaTeX Info: Redefining \. on input line 2214.
LaTeX Info: Redefining \% on input line 2214.
File: styles/logo/msps-logo-color.png Graphic file (type bmp)
<styles/logo/msps-logo-color.png>
[119]
File: styles/logo/msps-logo-color.png Graphic file (type bmp)
<styles/logo/msps-logo-color.png>
LaTeX Info: Redefining \. on input line 2215.
LaTeX Info: Redefining \% on input line 2215.
[120]
File: styles/logo/msps-logo-color.png Graphic file (type bmp)
<styles/logo/msps-logo-color.png>
[121

]
Underfull \hbox (badness 2922) in paragraph at lines 2259--2260
[]\TU/NunitoSans(0)/m/n/10 Kwon, Yonghyun, Jae Kwang Kim, y Yumou Qiu. 2025. \TU/NunitoSans(0)/m/it/10 Generalized
 []


Underfull \hbox (badness 10000) in paragraph at lines 2259--2260
\TU/NunitoSans(0)/m/it/10 entropy calibration for analyzing voluntary survey data\TU/NunitoSans(0)/m/n/10 . []$[][][][][] []$
 []


Underfull \hbox (badness 1975) in paragraph at lines 2268--2269
[]\TU/NunitoSans(0)/m/n/10 Ministerio de Salud y Protección Social. 2017. \TU/NunitoSans(0)/m/it/10 Informe Encuesta de
 []


Underfull \hbox (badness 4291) in paragraph at lines 2268--2269
\TU/NunitoSans(0)/m/it/10 Satisfacción EPS 2017\TU/NunitoSans(0)/m/n/10 . Ministerio de Salud y Protección Social.
 []


Underfull \hbox (badness 10000) in paragraph at lines 2268--2269
[]$[][][][][] [] [] [] [][][] [] [][][][][][][][] [] [][][] [] [][] [] [][][][][] [] [][][] [] [][][][][] [] [][][][][][][][][][][][][][][][][] [] [][][][] [] [][] []$
 []


Underfull \hbox (badness 2285) in paragraph at lines 2271--2272
[]\TU/NunitoSans(0)/m/n/10 Ministerio de Salud y Protección Social. 2018. \TU/NunitoSans(0)/m/it/10 Ranking de Satisfac-
 []


Underfull \hbox (badness 2119) in paragraph at lines 2271--2272
\TU/NunitoSans(0)/m/it/10 ción EPS 2018. Sistema de Evaluación y Calificación de Actores\TU/NunitoSans(0)/m/n/10 .
 []


Underfull \hbox (badness 5802) in paragraph at lines 2271--2272
\TU/NunitoSans(0)/m/n/10 Ministerio de Salud y Protección Social — Oficina de Calidad.
 []


Underfull \hbox (badness 10000) in paragraph at lines 2271--2272
[]$[][][][][] [] [] [] [][][] [] [][][][][][][][] [] [][][] [] [][] [] [][][][][] [] [][][] [] [][][][][] [] [][][][][][][][][][][][][][][][][] [] [][][][] []$
 []


Underfull \hbox (badness 1735) in paragraph at lines 2274--2275
\TU/NunitoSans(0)/m/n/10 lud y Protección Social. []$[][][][][] [] [] [] [][][] [] [][][][][][][][] [] [][][] [] [][] [] [][][][][] [] [][][] [] [][][][][] []$
 []


Underfull \hbox (badness 10000) in paragraph at lines 2277--2278
[]$[][][][][] [] [] [] [][][] [] [][][][][][][][] [] [][][] [] [][] [] [][][][][] [] [][][] [] [][][][][] [] [][][][][][][][][][][][][][][][][] [] [][][][] [] [][] []$
 []


Underfull \hbox (badness 10000) in paragraph at lines 2280--2281
$[][][][][] [] [][][][][][][][][][][][][][][][][] [] [][][][] [] [][] [] [][] [] [][][][][][][][][][] [][] [][][][][][][][] [][] [][][][][][][][][][][][] [][]$
 []

File: styles/logo/msps-logo-color.png Graphic file (type bmp)
<styles/logo/msps-logo-color.png>
LaTeX Info: Redefining \. on input line 2281.
LaTeX Info: Redefining \% on input line 2281.
[122]
Underfull \hbox (badness 2894) in paragraph at lines 2283--2284
\TU/NunitoSans(0)/m/n/10 de Calidad. []$[][][][][] [] [] [] [][][] [] [][][][][][] [] [][][] [] [][] [] [][][][][][][][][][][][][] [] [][][][][][][][][][][][][][] []$
 []


Underfull \hbox (badness 2894) in paragraph at lines 2286--2287
\TU/NunitoSans(0)/m/n/10 de Calidad. []$[][][][][] [] [] [] [][][] [] [][][][][][] [] [][][] [] [][] [] [][][][][][][][][][][][][] [] [][][][][][][][][][][][][][] []$
 []

LaTeX Info: Redefining \. on input line 2308.
LaTeX Info: Redefining \% on input line 2308.
File: styles/logo/msps-logo-color.png Graphic file (type bmp)
<styles/logo/msps-logo-color.png>
[123] (./ENUS_2026_metodoloia.aux
LaTeX Info: Redefining \. on input line 8.
LaTeX Info: Redefining \% on input line 8.
)
 ***********
LaTeX2e <2026-06-01>
L3 programming layer <2026-06-18>
 ***********

LaTeX Warning: There were undefined references.

 ) 
Here is how much of TeX's memory you used:
 21328 strings out of 469823
 405565 string characters out of 5467053
 1028726 words of memory out of 5000000
 49964 multiletter control sequences out of 15000+600000
 633904 words of font info for 116 fonts, out of 8000000 for 9000
 14 hyphenation exceptions out of 8191
 90i,13n,116p,1738b,933s stack positions out of 10000i,1000n,20000p,200000b,200000s

Output written on ENUS_2026_metodoloia.pdf (123 pages).
